account_id,pan,holder_name,dob,account_age_days,account_type,kyc_status,home_state,home_city,home_country,typical_device_id,avg_monthly_txn_count,avg_monthly_txn_value_inr,avg_tx_amount_inr,balance_inr,previous_flags,previous_strs,linked_accounts_count,occupation_category,is_pep,negative_news_flag,account_dormancy_days,onboarding_channel,is_registered_merchant,travel_profile,chargeback_count_180d,refund_count_180d
ACC00000,NYQLM8443J,Shreya Reddy,1995-11-27,83,CARD_WALLET,Full KYC,TG,Hyderabad,IN,DEV-3FEAA9353A,7,32538.99,1304.33,12732.7,0,0,1,Retired,No,No,0,Web,False,DOMESTIC_STATIC,1,1
ACC00001,KIIKC1543P,Diya Shah,2001-03-20,2038,CARD_WALLET,Full KYC,WB,Kolkata,IN,DEV-3EF01E6714,11,41593.73,2084.55,268446.49,0,0,1,Retired,No,No,0,App,False,DOMESTIC_STATIC,0,0
ACC00002,MWQTE5723O,Ishaan Shah,1973-07-03,25,CARD_WALLET,Full KYC,MH,Mumbai,IN,DEV-57E7DD1CA1,9,19357.63,6104.88,23463.63,0,0,2,Retired,No,No,0,Branch,False,DOMESTIC_STATIC,0,0
ACC00003,UPFUO9642P,Nikhil Shah,1979-12-01,2160,CARD_WALLET,Full KYC,MH,Pune,IN,DEV-E7365C4665,12,31422.58,4696.49,108196.33,0,0,1,Salaried,No,No,0,Web,False,DOMESTIC_STATIC,0,1
ACC00004,APXNV4171K,Divya Sharma,2001-07-15,426,CARD_WALLET,Full KYC,TN,Chennai,IN,DEV-0BF8833B92,17,30594.65,4784.13,11294.7,0,0,2,Retired,No,No,0,Web,False,DOMESTIC_STATIC,0,0
ACC00005,VDHBE7274K,Sai Kapoor,1989-12-02,1673,CARD_WALLET,Min-KYC,GJ,Ahmedabad,IN,DEV-E1D3CA1BE0,12,37539.35,2154.17,234179.07,0,0,2,Business,No,No,0,Branch,False,DOMESTIC_STATIC,1,0
ACC00006,JNZTS7673P,Ananya Kumar,1967-03-24,2071,CARD_WALLET,Full KYC,WB,Kolkata,IN,DEV-308A6DE8FF,18,52036.04,2104.79,213527.3,0,0,2,Retired,No,No,0,App,False,DOMESTIC_TRAVELLER,0,0
ACC00007,BSNET8858Q,Aditya Kumar,2001-05-14,575,CARD_WALLET,Full KYC,KA,Bengaluru,IN,DEV-879A315057,21,3873.37,2150.05,46899.78,0,0,3,Student,No,No,0,Web,False,DOMESTIC_STATIC,0,0
ACC00008,NFFQH8039P,Pooja Gupta,1979-01-06,1537,CARD_WALLET,Full KYC,MH,Pune,IN,DEV-D4C832035C,25,48130.94,1348.88,277804.15,0,0,2,Salaried,No,No,0,App,False,DOMESTIC_TRAVELLER,0,0
ACC00009,WLNUT9632Z,Krishna Patel,1977-05-16,24,CARD_WALLET,Full KYC,WB,Kolkata,IN,DEV-26C6064AAD,23,14728.65,4909.87,36884.27,0,0,2,Business,No,No,428,App,False,DOMESTIC_STATIC,0,0
ACC00010,HZCAH5157Z,Aditya Reddy,1976-08-25,1562,CARD_WALLET,Full KYC,MH,Pune,IN,DEV-E00ADF1347,20,45747.88,5784.42,222010.68,0,0,2,Retired,No,No,0,Branch,False,DOMESTIC_STATIC,1,1
ACC00011,HFSVD5975K,Tanvi Nair,1996-07-12,1093,CARD_WALLET,Full KYC,TG,Hyderabad,IN,DEV-BF7F4BA72A,4,35521.26,5001.75,128218.89,0,0,3,Salaried,No,No,0,Web,False,DOMESTIC_TRAVELLER,0,0
ACC00012,WTFJJ8039G,Riya Menon,1979-04-10,2027,CARD_WALLET,Full KYC,WB,Kolkata,IN,DEV-0B98DC0A97,18,45283.61,7458.12,116339.83,0,0,2,Business,No,No,0,Branch,False,DOMESTIC_STATIC,0,0
ACC00013,FHNBD8267L,Meera Chatterjee,1970-06-20,80,CARD_WALLET,Min-KYC,MH,Pune,IN,DEV-995E0E8D33,14,21367.45,5914.49,111510.77,0,0,2,Student,No,No,0,App,False,DOMESTIC_STATIC,0,0
ACC00014,EBIHG3770K,Rohan Mehta,2003-08-17,216,CARD_WALLET,Full KYC,DL,Delhi,IN,DEV-118ED9B022,9,35206.65,1266.28,182032.23,0,0,1,Retired,No,No,0,Web,False,DOMESTIC_STATIC,1,0
ACC00015,MHLTB6907B,Sai Singh,1978-05-13,427,CARD_WALLET,Full KYC,RJ,Jaipur,IN,DEV-113194505D,6,15173.17,2664.73,17087.62,0,0,1,Salaried,No,No,0,App,False,DOMESTIC_STATIC,0,0
ACC00016,KNTAN7045Y,Manish Chatterjee,1972-06-06,1870,CARD_WALLET,Min-KYC,KA,Bengaluru,IN,DEV-AB2A475BE1,2,31435.47,6314.66,90476.49,0,0,2,Student,No,No,0,Web,False,DOMESTIC_STATIC,1,1
ACC00017,TNNLQ6218F,Karan Menon,1966-02-17,743,CARD_WALLET,Full KYC,TG,Hyderabad,IN,DEV-FBDB221388,2,20048.51,6484.54,137852.79,0,0,2,Salaried,No,No,0,Web,False,DOMESTIC_STATIC,0,1
ACC00018,IKBEL5398H,Rohan Bose,1994-09-27,1751,CARD_WALLET,Full KYC,TN,Chennai,IN,DEV-7B064908CA,25,43898.21,2259.71,9522.5,0,0,3,Retired,No,No,0,Web,False,DOMESTIC_STATIC,1,0
ACC00019,FDFUB8988E,Shreya Patel,1974-02-17,830,CARD_WALLET,Full KYC,MH,Pune,IN,DEV-F8D51F8849,18,37686.09,3748.83,157880.03,0,0,2,Salaried,No,No,0,Web,False,DOMESTIC_STATIC,0,0
ACC00020,IXALZ1783L,Nikhil Patel,1973-04-11,149,CARD_WALLET,Full KYC,MH,Pune,IN,DEV-88E76F3445,10,29733.24,2490.42,5718.12,0,0,1,Student,No,No,0,Branch,False,DOMESTIC_STATIC,0,0
ACC00021,WTJDN8199I,Divya Rao,1976-06-10,38,CARD_WALLET,Full KYC,KA,Bengaluru,IN,DEV-6A14B15E8B,17,21613.81,4630.51,131276.18,0,0,2,Retired,No,No,0,Branch,False,DOMESTIC_STATIC,0,1
ACC00022,IRCUU2890H,Anjali Iyer,1980-02-09,884,CARD_WALLET,Min-KYC,MH,Mumbai,IN,DEV-1AF96BB0CF,25,46574.51,6417.88,189909.44,0,0,1,Salaried,No,No,0,Branch,False,DOMESTIC_STATIC,1,0
ACC00023,AVWAD5618F,Swati Singh,1970-12-21,2256,CARD_WALLET,Full KYC,MH,Pune,IN,DEV-C6FE633BDF,10,35882.8,1029.05,111479.84,0,0,3,Business,No,No,0,Branch,False,DOMESTIC_STATIC,0,0
ACC00024,VDDZN3378C,Pooja Shah,1983-07-15,178,CARD_WALLET,Full KYC,UP,Lucknow,IN,DEV-337DD36FA0,18,26928.79,1802.93,39365.53,0,0,1,Student,No,No,0,App,False,DOMESTIC_TRAVELLER,0,1
ACC00025,LJLHM2456S,Suresh Kapoor,1974-10-21,2103,CARD_WALLET,Full KYC,WB,Kolkata,IN,DEV-E8B970AB4A,4,13973.65,4729.54,60313.28,0,0,1,Business,No,No,0,Branch,False,DOMESTIC_STATIC,1,0
ACC00026,YKYFE2402F,Diya Kapoor,1978-09-16,2134,CARD_WALLET,Full KYC,RJ,Jaipur,IN,DEV-5D3BBA53F2,18,51402.66,711.3,208609.01,0,0,2,Salaried,No,No,0,Branch,False,DOMESTIC_STATIC,1,0
ACC00027,OJCTS6848S,Kavya Singh,1972-10-18,829,CARD_WALLET,Full KYC,MH,Pune,IN,DEV-85A58C1DF7,3,24586.9,660.77,63265.46,0,0,1,Business,No,No,0,App,False,DOMESTIC_TRAVELLER,0,1
ACC00028,ZVRZU1790H,Neha Malhotra,2002-11-01,50,CARD_WALLET,Full KYC,KA,Bengaluru,IN,DEV-34DE21280A,8,57532.97,2143.22,120816.32,0,0,1,Student,No,No,0,Branch,False,DOMESTIC_STATIC,0,0
ACC00029,YUZOM5474E,Aditya Nair,1998-09-05,1012,CARD_WALLET,Full KYC,GJ,Ahmedabad,IN,DEV-9948E21B84,19,6486.24,6539.86,295751.24,0,0,2,Salaried,No,No,0,Web,False,DOMESTIC_TRAVELLER,1,0
ACC00030,WAJDV4061W,Karan Malhotra,1979-08-22,29,CARD_WALLET,Full KYC,KA,Bengaluru,IN,DEV-7CCD617539,6,25928.54,1590.67,205255.38,0,0,1,Student,No,No,0,App,False,DOMESTIC_TRAVELLER,1,0
ACC00031,MGSYV7402X,Saanvi Malhotra,1969-06-25,1291,CARD_WALLET,Full KYC,MH,Pune,IN,DEV-163CF3A565,8,27148.78,3933.53,278916.75,0,0,2,Business,No,No,180,Web,False,DOMESTIC_TRAVELLER,0,0
ACC00032,HISVE9122T,Divya Kapoor,2003-08-23,2355,CARD_WALLET,Min-KYC,MH,Pune,IN,DEV-A08358AE1A,23,43542.71,7939.92,65942.74,0,0,2,Student,No,No,0,App,False,DOMESTIC_STATIC,1,0
ACC00033,NMOII5395J,Deepak Shah,1981-12-14,27,CARD_WALLET,Full KYC,TN,Chennai,IN,DEV-7F2ED1E016,3,21724.09,3723.39,253375.79,0,0,3,Salaried,No,No,0,Branch,False,DOMESTIC_STATIC,0,1
ACC00034,XYIMU2739E,Rohan Malhotra,1997-07-07,184,CARD_WALLET,Full KYC,UP,Lucknow,IN,DEV-FCA9659ACF,13,23775.88,955.23,220459.92,0,0,2,Retired,No,No,0,Web,False,DOMESTIC_STATIC,0,0
ACC00035,DMQAY1101G,Sneha Sharma,1974-11-22,1227,CARD_WALLET,Full KYC,TG,Hyderabad,IN,DEV-DA9B869875,14,45861.13,1098.56,91668.39,0,0,3,Salaried,No,No,0,App,False,DOMESTIC_STATIC,0,0
ACC00036,MRBOI2525P,Krishna Singh,1970-07-24,2107,CARD_WALLET,Min-KYC,TG,Hyderabad,IN,DEV-0245667CE0,5,12750.42,7293.3,128758.23,0,0,3,Student,No,No,0,Web,False,DOMESTIC_TRAVELLER,0,1
ACC00037,CBCUQ5171V,Amit Chatterjee,1971-12-23,2405,CARD_WALLET,Min-KYC,TG,Hyderabad,IN,DEV-402277676A,6,18917.2,7463.86,286008.82,0,0,1,Retired,No,No,0,Web,False,DOMESTIC_STATIC,1,1
ACC00038,BTMRF5084D,Pooja Malhotra,1973-11-14,25,CARD_WALLET,Min-KYC,WB,Kolkata,IN,DEV-33CB23C9BB,5,18979.64,7152.13,284808.24,0,0,1,Business,No,No,0,App,False,DOMESTIC_STATIC,0,0
ACC00039,HOCRS2127V,Rohan Reddy,1987-10-08,1555,CARD_WALLET,Full KYC,TG,Hyderabad,IN,DEV-16F8DE40A2,5,4013.28,3768.02,22393.16,0,0,1,Business,No,No,0,Web,False,DOMESTIC_STATIC,0,0
ACC00040,MGABA1214W,Aarav Gupta,1981-03-07,1747,CARD_WALLET,Min-KYC,GJ,Ahmedabad,IN,DEV-3C8A466C70,3,25371.24,1791.28,128111.93,0,0,3,Student,No,No,0,Branch,False,DOMESTIC_STATIC,0,0
ACC00041,VHMZD7697E,Shreya Verma,1994-03-27,1408,CARD_WALLET,Full KYC,UP,Lucknow,IN,DEV-28021A4EF3,5,36780.1,2913.45,223261.74,0,0,1,Salaried,No,No,0,App,False,DOMESTIC_TRAVELLER,1,1
ACC00042,EVBNJ7653N,Diya Desai,1997-08-05,807,CARD_WALLET,Full KYC,TG,Hyderabad,IN,DEV-BC542357FE,7,3926.53,792.04,122487.07,0,0,1,Business,No,No,0,Web,False,DOMESTIC_STATIC,0,0
ACC00043,QZMVP9604A,Kiran Sharma,1977-10-26,10,CARD_WALLET,Full KYC,RJ,Jaipur,IN,DEV-48922DC318,4,43575.97,7327.38,180773.54,0,0,1,Business,No,No,0,Web,False,DOMESTIC_TRAVELLER,1,0
ACC00044,BCJHV4430W,Deepak Shah,1999-03-23,2013,CARD_WALLET,Min-KYC,DL,Delhi,IN,DEV-BF34C0676B,9,55277.13,7231.68,173246.96,0,0,3,Salaried,No,No,0,App,False,DOMESTIC_STATIC,0,2
ACC00045,TUDRL9848Z,Aditya Kapoor,1992-12-28,1228,CARD_WALLET,Full KYC,RJ,Jaipur,IN,DEV-495A74CD66,18,10625.35,3998.3,120670.92,0,0,1,Salaried,No,No,0,App,False,DOMESTIC_STATIC,0,1
ACC00046,NGBXC5346Z,Neha Reddy,1998-11-05,1705,CARD_WALLET,Full KYC,GJ,Ahmedabad,IN,DEV-5161CD2BE5,14,6384.09,4810.92,202070.66,0,0,1,Business,No,No,0,Branch,False,DOMESTIC_STATIC,2,0
ACC00047,AZOZZ3464Z,Karan Gupta,1965-06-19,11,CARD_WALLET,Full KYC,MH,Pune,IN,DEV-1B02BCAF72,20,18482.5,7798.48,48654.65,0,0,3,Retired,No,No,0,Branch,False,DOMESTIC_TRAVELLER,0,0
ACC00048,QCCST5843J,Saanvi Desai,1969-08-01,833,CARD_WALLET,Min-KYC,GJ,Ahmedabad,IN,DEV-A7E7857692,17,44845.79,4674.67,269507.9,0,0,1,Student,No,No,0,Web,False,DOMESTIC_STATIC,1,0
ACC00049,TQMHW3113V,Divya Bose,1997-04-08,2382,CARD_WALLET,Full KYC,MH,Mumbai,IN,DEV-2C79825FDB,19,49005.66,1649.24,76400.64,0,0,1,Student,No,No,0,App,False,DOMESTIC_STATIC,0,0
ACC00050,HLNUT1964C,Meera Chatterjee,2000-02-06,1432,CARD_WALLET,Full KYC,DL,Delhi,IN,DEV-B1707B6BB2,19,48465.61,5286.81,231057.77,0,0,3,Salaried,No,No,0,Web,False,DOMESTIC_STATIC,0,0
ACC00051,VTYEB5349L,Manish Iyer,1991-05-09,1163,CARD_WALLET,Full KYC,KA,Bengaluru,IN,DEV-D87A3CAC68,5,37691.98,5634.76,122490.31,0,0,1,Retired,No,No,0,App,False,DOMESTIC_STATIC,0,0
ACC00052,HUKBZ5888E,Nisha Chatterjee,1970-04-16,772,CARD_WALLET,Full KYC,MH,Mumbai,IN,DEV-5B90CBE677,9,28866.29,6077.36,62590.29,0,0,2,Salaried,No,No,0,Branch,False,DOMESTIC_STATIC,0,0
ACC00053,DSNOQ4764Q,Divya Sharma,1978-02-25,969,CARD_WALLET,Full KYC,MH,Pune,IN,DEV-E5474C2DC4,21,51100.24,1440.16,84410.1,0,0,3,Retired,No,No,0,Branch,False,INTERNATIONAL_FREQUENT,1,1
ACC00054,HHXUP3127C,Vikram Shah,1982-08-08,6,CARD_WALLET,Full KYC,DL,Delhi,IN,DEV-FE6EA66BE2,19,46575.29,6610.63,109995.86,0,0,2,Salaried,No,No,0,Branch,False,DOMESTIC_TRAVELLER,0,0
ACC00055,JEYZP3704C,Ananya Malhotra,1971-05-22,340,CARD_WALLET,Min-KYC,KA,Bengaluru,IN,DEV-DF151D4550,3,2515.59,2071.63,40982.36,0,0,1,Retired,No,No,0,Branch,False,DOMESTIC_TRAVELLER,0,1
ACC00056,ZFLKI8222V,Riya Iyer,1977-02-08,1030,CARD_WALLET,Full KYC,RJ,Jaipur,IN,DEV-728E5A7DBA,11,25054.95,6674.25,110625.68,0,0,3,Retired,No,No,0,Web,False,DOMESTIC_STATIC,0,2
ACC00057,VCWUE3748U,Preeti Malhotra,2003-06-02,18,CARD_WALLET,Full KYC,TN,Chennai,IN,DEV-DDB1BC9E76,21,19057.98,6341.78,241373.01,0,0,2,Business,No,No,0,Branch,False,DOMESTIC_STATIC,0,0
ACC00058,GQQBQ7306Y,Neha Malhotra,1968-12-07,1032,CARD_WALLET,Full KYC,MH,Pune,IN,DEV-87F553572C,7,35023.07,5118.7,287730.95,0,0,1,Salaried,No,No,0,App,False,DOMESTIC_STATIC,1,2
ACC00059,YRTZW1877H,Amit Joshi,1989-08-22,1140,CARD_WALLET,Min-KYC,TN,Chennai,IN,DEV-4724B8CD9C,20,36094.77,2566.92,78748.72,0,0,2,Retired,No,No,0,Web,False,DOMESTIC_STATIC,0,4
ACC00060,LQYQN8712S,Suresh Desai,1975-08-08,1868,CARD_WALLET,Full KYC,UP,Lucknow,IN,DEV-B56918FF48,13,31499.2,2324.41,249728.37,0,0,2,Student,No,No,0,App,False,DOMESTIC_TRAVELLER,0,0
ACC00061,GZFGL4555S,Shreya Gupta,1968-12-08,1417,CARD_WALLET,Min-KYC,MH,Pune,IN,DEV-23269A733D,21,47574.21,3823.46,56592.6,0,0,2,Business,No,No,0,App,False,DOMESTIC_STATIC,0,1
ACC00062,GRLFM5955I,Vihaan Gupta,1985-01-20,319,CARD_WALLET,Full KYC,DL,Delhi,IN,DEV-9EB1F0230B,11,25914.5,3185.36,136154.72,0,0,2,Retired,No,No,0,App,False,DOMESTIC_STATIC,0,0
ACC00063,HJBYN7084D,Riya Desai,1984-04-12,2282,CARD_WALLET,Full KYC,DL,Delhi,IN,DEV-DAF7ED78B3,2,20669.36,7646.05,59265.62,0,0,3,Retired,No,No,0,App,False,DOMESTIC_TRAVELLER,0,0
ACC00064,QNYWP2763P,Deepak Pillai,1967-07-22,826,CARD_WALLET,Full KYC,MH,Pune,IN,DEV-C6A2CCE195,16,57621.63,7643.52,201774.54,0,0,1,Business,No,No,0,Web,False,DOMESTIC_STATIC,0,1
ACC00065,CSJMG3751D,Vivaan Nair,1980-11-27,931,CARD_WALLET,Full KYC,RJ,Jaipur,IN,DEV-33BE3529C2,12,59673.62,4183.03,71242.17,0,0,2,Business,No,No,0,App,False,DOMESTIC_TRAVELLER,0,0
ACC00066,XCVLA1589Q,Krishna Chatterjee,1986-09-22,436,CARD_WALLET,Min-KYC,TG,Hyderabad,IN,DEV-87BBA65AF1,24,43811.78,4343.33,76175.37,0,0,2,Retired,No,No,0,Branch,False,DOMESTIC_STATIC,0,0
ACC00067,IOPIK5198Z,Reyansh Iyer,1991-04-14,2412,CARD_WALLET,Full KYC,GJ,Ahmedabad,IN,DEV-3430ADCCA7,5,29316.15,5642.58,130616.86,0,0,3,Business,No,No,0,Branch,False,INTERNATIONAL_FREQUENT,0,0
ACC00068,JYNBV7758N,Sneha Kapoor,1987-08-05,1384,CARD_WALLET,Full KYC,TG,Hyderabad,IN,DEV-D596F331CF,24,57076.44,5320.63,186827.31,0,0,3,Student,No,No,0,Branch,False,DOMESTIC_STATIC,1,0
ACC00069,RFDKU5159O,Pooja Shah,1978-02-13,1270,CARD_WALLET,Full KYC,TG,Hyderabad,IN,DEV-CF57382021,21,42567.73,759.71,183837.68,0,0,1,Retired,No,No,0,App,False,DOMESTIC_TRAVELLER,0,0
ACC00070,DZZFG6387Y,Ritu Gupta,1989-03-22,909,CARD_WALLET,Min-KYC,TG,Hyderabad,IN,DEV-724974BD2C,18,35804.12,7435.94,215465.41,0,0,2,Student,No,No,0,Web,False,DOMESTIC_STATIC,0,0
ACC00071,YUJPS4571R,Sneha Desai,1981-02-10,2008,CARD_WALLET,Min-KYC,RJ,Jaipur,IN,DEV-3E3E1C7EF2,13,25754.02,5922.27,291908.97,0,0,3,Salaried,No,No,325,App,False,INTERNATIONAL_FREQUENT,0,0
ACC00072,HCMGN6863M,Suresh Rao,1986-10-06,1864,CARD_WALLET,Full KYC,DL,Delhi,IN,DEV-B9EBA49179,4,44461.25,3771.93,61637.76,0,0,2,Salaried,No,No,0,Branch,False,INTERNATIONAL_FREQUENT,0,0
ACC00073,SKVCW4647L,Tanvi Kapoor,1988-09-18,20,CARD_WALLET,Full KYC,DL,Delhi,IN,DEV-8347604868,7,48777.03,7239.44,166894.35,0,0,3,Retired,No,No,163,App,False,DOMESTIC_STATIC,1,0
ACC00074,QJSNP4281G,Kiran Sharma,1978-08-13,56,CARD_WALLET,Min-KYC,WB,Kolkata,IN,DEV-26D779EA63,3,25496.36,2384.29,140214.07,0,0,2,Retired,No,No,0,App,False,DOMESTIC_STATIC,0,0
ACC00075,ICHBR9150U,Priya Joshi,1990-03-07,477,CARD_WALLET,Min-KYC,GJ,Ahmedabad,IN,DEV-C9AC74272B,24,46989.14,4258.39,64726.25,0,0,1,Salaried,No,No,0,App,False,DOMESTIC_STATIC,0,1
ACC00076,UTBDB7866Z,Ritu Verma,1981-04-13,1448,CARD_WALLET,Full KYC,TN,Chennai,IN,DEV-BE0CFF2B75,22,20626.09,2606.53,14894.81,0,0,1,Business,No,No,0,Web,False,DOMESTIC_STATIC,1,0
ACC00077,AAUUU9011L,Vihaan Malhotra,1969-03-27,1913,CARD_WALLET,Full KYC,WB,Kolkata,IN,DEV-5D86EE0869,8,29161.16,6350.24,255564.53,0,0,2,Retired,No,No,0,Branch,False,DOMESTIC_STATIC,0,0
ACC00078,TNFDN5667K,Diya Shah,1990-11-12,705,CARD_WALLET,Min-KYC,DL,Delhi,IN,DEV-84FCB62A03,17,49396.25,2487.33,48327.47,0,0,1,Retired,No,No,0,App,False,DOMESTIC_STATIC,1,0
ACC00079,XJZYT3518V,Suresh Shah,1996-11-09,2243,CARD_WALLET,Full KYC,MH,Mumbai,IN,DEV-71449A1170,12,10926.4,7366.19,272433.91,0,0,1,Business,No,No,0,App,False,DOMESTIC_STATIC,0,0
ACC00080,AUJJX2576X,Vivaan Mehta,2001-10-10,528,CARD_WALLET,Full KYC,TN,Chennai,IN,DEV-212E6CDAC1,20,54283.2,4776.87,79889.98,0,0,1,Student,No,No,0,Branch,False,DOMESTIC_STATIC,1,0
ACC00081,ETCGS2050D,Reyansh Singh,2001-06-16,1985,CARD_WALLET,Full KYC,RJ,Jaipur,IN,DEV-C03453EE49,12,58281.67,7291.7,27197.37,0,0,3,Salaried,No,No,0,Branch,False,DOMESTIC_STATIC,0,0
ACC00082,MYVIH8296Y,Rahul Shah,1974-05-10,461,CARD_WALLET,Full KYC,DL,Delhi,IN,DEV-24D48A2D2E,16,50243.75,1562.36,23091.45,0,0,3,Business,No,No,0,Web,False,DOMESTIC_STATIC,0,0
ACC00083,OJTJF9367F,Divya Pillai,1999-05-22,194,CARD_WALLET,Full KYC,TN,Chennai,IN,DEV-AF7725A5CE,7,22348.91,3343.21,116180.9,0,0,3,Business,No,No,0,App,False,DOMESTIC_TRAVELLER,0,1
ACC00084,WNGHN9078B,Meera Kumar,1983-04-16,759,CARD_WALLET,Full KYC,WB,Kolkata,IN,DEV-420CDE6716,25,35653.27,1569.12,198445.78,0,0,2,Business,No,No,0,Branch,False,DOMESTIC_STATIC,0,0
ACC00085,CJLPS1863I,Ritu Iyer,1971-02-02,149,CARD_WALLET,Full KYC,TN,Chennai,IN,DEV-F4839C5A44,9,30789.5,2617.07,86938.09,0,0,1,Retired,No,No,0,Branch,False,DOMESTIC_STATIC,1,0
ACC00086,PDGBK1298U,Karan Verma,2003-11-16,2180,CARD_WALLET,Min-KYC,MH,Pune,IN,DEV-B514EFFD9B,9,17010.71,4972.53,248453.89,0,0,2,Salaried,No,No,0,Web,False,DOMESTIC_STATIC,0,1
ACC00087,EFMPI7557L,Sneha Shah,1969-09-13,1768,CARD_WALLET,Full KYC,RJ,Jaipur,IN,DEV-4CAD9D9A3A,21,47389.58,2711.02,37205.47,0,0,1,Salaried,No,No,0,Web,False,INTERNATIONAL_FREQUENT,0,0
ACC00088,YBAFK5128J,Nisha Iyer,1967-05-28,78,CARD_WALLET,Full KYC,TN,Chennai,IN,DEV-0FC3EF8C80,19,3960.98,7477.19,40458.87,0,0,3,Business,No,No,0,App,False,DOMESTIC_STATIC,0,0
ACC00089,IPCVM8326W,Sneha Kumar,1965-08-06,1891,CARD_WALLET,Min-KYC,RJ,Jaipur,IN,DEV-DF316D3948,14,11322.45,1582.25,42040.66,0,0,3,Student,No,No,0,Branch,False,DOMESTIC_TRAVELLER,1,0
ACC00090,SCCLQ3329C,Rahul Joshi,1987-10-05,7,CARD_WALLET,Full KYC,KA,Bengaluru,IN,DEV-1CEDB4F4C1,23,36391.67,3014.99,244231.4,0,0,2,Salaried,No,No,0,App,False,DOMESTIC_TRAVELLER,0,0
ACC00091,AOWHR7957G,Saanvi Kapoor,1992-05-10,2228,CARD_WALLET,Full KYC,RJ,Jaipur,IN,DEV-9E5AC1296B,9,34465.41,4182.26,271484.25,0,0,1,Business,No,No,0,App,False,DOMESTIC_STATIC,1,0
ACC00092,YJFXC7362C,Priya Pillai,1975-09-12,378,CARD_WALLET,Full KYC,GJ,Ahmedabad,IN,DEV-232C6BA13D,8,21911.03,2162.4,217916.68,0,0,1,Retired,No,No,0,Branch,False,DOMESTIC_TRAVELLER,0,0
ACC00093,YGSVR6729B,Diya Bose,1985-02-06,1748,CARD_WALLET,Full KYC,WB,Kolkata,IN,DEV-30300E1F58,7,5651.65,6414.06,26054.67,0,0,3,Business,No,No,0,Branch,False,DOMESTIC_TRAVELLER,0,0
ACC00094,QTGHI3285I,Swati Rao,1976-05-01,2115,CARD_WALLET,Full KYC,MH,Pune,IN,DEV-B32D649292,22,47694.75,4142.71,203138.86,0,0,2,Student,No,No,0,Branch,False,DOMESTIC_STATIC,0,0
ACC00095,TPZDA5291O,Preeti Sharma,1987-08-11,2189,CARD_WALLET,Full KYC,DL,Delhi,IN,DEV-7B29CF9116,3,10756.65,4333.6,194669.83,0,0,2,Business,No,No,0,Branch,False,DOMESTIC_STATIC,0,0
ACC00096,QNQKJ9333Y,Preeti Bose,1992-12-10,320,CARD_WALLET,Full KYC,GJ,Ahmedabad,IN,DEV-67CAA82023,17,55196.24,4197.59,245182.99,0,0,2,Retired,No,No,0,Web,False,INTERNATIONAL_FREQUENT,0,0
ACC00097,GDVXN4689P,Tanvi Bose,1992-02-09,543,CARD_WALLET,Full KYC,KA,Bengaluru,IN,DEV-AC6B94D072,18,33526.1,2516.5,11860.57,0,0,1,Salaried,No,No,0,App,False,DOMESTIC_STATIC,1,1
ACC00098,ZVYNK7911L,Manish Sharma,1976-06-03,2372,CARD_WALLET,Full KYC,RJ,Jaipur,IN,DEV-0E60758D3A,22,23552.93,4733.7,3187.7,0,0,2,Salaried,No,No,0,Branch,False,DOMESTIC_STATIC,0,0
ACC00099,HVTUB4207G,Vivaan Singh,1996-04-16,861,CARD_WALLET,Full KYC,MH,Mumbai,IN,DEV-A3AB2AAAEC,4,34967.03,3154.81,83071.01,0,0,1,Retired,No,No,0,App,False,DOMESTIC_STATIC,1,0
ACC00100,LHUVE6724M,Aditya Iyer,1976-05-23,2354,CARD_WALLET,Full KYC,TN,Chennai,IN,DEV-DA3B38E3FB,16,26141.21,5553.86,88177.16,0,0,3,Business,No,No,0,Branch,False,INTERNATIONAL_FREQUENT,0,0
ACC00101,XIJCB6293H,Sneha Rao,1996-01-16,2003,CARD_WALLET,Min-KYC,TN,Chennai,IN,DEV-C899E5816D,25,10969.58,5393.1,165392.61,0,0,1,Retired,No,No,0,Branch,False,DOMESTIC_STATIC,0,1
ACC00102,NVNWF8156F,Nisha Mehta,1966-11-20,2372,CARD_WALLET,Full KYC,UP,Lucknow,IN,DEV-78BC52047A,7,17495.13,7134.47,71157.38,0,0,3,Retired,No,No,0,Web,False,DOMESTIC_STATIC,0,1
ACC00103,HFFYX1653K,Arjun Bose,1976-08-14,2278,CARD_WALLET,Full KYC,TN,Chennai,IN,DEV-34510CA895,18,35508.73,2767.79,14630.55,0,0,3,Student,No,No,0,App,False,DOMESTIC_TRAVELLER,0,1
ACC00104,MXBQA7613Y,Sneha Rao,1975-05-05,59,CARD_WALLET,Full KYC,TN,Chennai,IN,DEV-4A430954E5,20,54736.29,2101.5,37123.11,0,0,2,Retired,No,No,0,Branch,False,DOMESTIC_STATIC,0,0
ACC00105,KKXKL3864H,Suresh Reddy,2002-12-03,976,CARD_WALLET,Min-KYC,MH,Pune,IN,DEV-2E5FA5C99A,6,46009.23,3682.86,143044.19,0,0,3,Retired,No,No,0,App,False,DOMESTIC_TRAVELLER,1,0
ACC00106,TRQJC7593O,Sai Menon,1993-02-21,378,CARD_WALLET,Full KYC,RJ,Jaipur,IN,DEV-120674099A,13,8500.39,1193.65,4658.68,0,0,2,Retired,No,No,0,Web,False,DOMESTIC_STATIC,0,0
ACC00107,NBZUL2685K,Vihaan Iyer,1981-10-06,1915,CARD_WALLET,Full KYC,MH,Mumbai,IN,DEV-2DF4085C79,19,16116.63,7930.84,115830.77,0,0,2,Business,No,No,0,App,False,INTERNATIONAL_FREQUENT,1,0
ACC00108,WKJQZ2449O,Rajesh Kapoor,1965-12-21,61,CARD_WALLET,Full KYC,RJ,Jaipur,IN,DEV-F45F4ED72B,3,37044.69,3900.42,20727.47,0,0,3,Retired,No,No,0,Web,False,DOMESTIC_STATIC,0,0
ACC00109,RMKMK9671B,Divya Reddy,1987-07-26,1497,CARD_WALLET,Min-KYC,GJ,Ahmedabad,IN,DEV-DFF3E1EE79,15,11783.48,3984.24,79376.13,0,0,3,Student,No,No,0,Branch,False,DOMESTIC_STATIC,0,0
ACC00110,VAPHW4825X,Aditya Bose,1996-07-04,1289,CARD_WALLET,Full KYC,RJ,Jaipur,IN,DEV-80933D882B,19,19620.25,5623.86,284014.49,0,0,3,Retired,No,No,0,App,False,DOMESTIC_STATIC,0,0
ACC00111,YVLOG5511N,Meera Menon,1996-10-01,246,CARD_WALLET,Full KYC,MH,Pune,IN,DEV-F0286C831E,5,18421.22,4319.28,72179.1,0,0,1,Business,No,No,0,App,False,DOMESTIC_TRAVELLER,0,0
ACC00112,KKNRW7540Z,Isha Verma,1976-08-01,523,CARD_WALLET,Full KYC,WB,Kolkata,IN,DEV-29511C1374,13,40156.22,4019.91,214837.17,0,0,2,Business,No,No,0,Branch,False,DOMESTIC_STATIC,0,0
ACC00113,ZFAMJ3185U,Krishna Kumar,2002-07-04,2328,CARD_WALLET,Full KYC,MH,Pune,IN,DEV-6613440610,15,44403.54,4418.3,172686.53,0,0,3,Retired,No,No,319,Branch,False,INTERNATIONAL_FREQUENT,0,0
ACC00114,FYGOO6097G,Rohan Reddy,1994-05-21,618,CARD_WALLET,Full KYC,MH,Mumbai,IN,DEV-729FE6FEB5,2,7909.31,5871.84,217248.42,0,0,1,Salaried,No,No,0,Branch,False,DOMESTIC_STATIC,0,2
ACC00115,YUDOF5568M,Shreya Chatterjee,1998-07-08,1969,CARD_WALLET,Full KYC,WB,Kolkata,IN,DEV-D57C741D28,6,29005.62,4328.99,37470.78,0,0,2,Business,No,No,0,Branch,False,DOMESTIC_STATIC,0,0
ACC00116,XRNME2679H,Riya Menon,1990-06-05,1510,CARD_WALLET,Full KYC,TG,Hyderabad,IN,DEV-AE5BE914C3,19,12278.75,6195.51,231993.72,0,0,2,Student,No,No,0,Web,False,DOMESTIC_STATIC,0,0
ACC00117,GHPZZ8435I,Suresh Chatterjee,1994-04-18,55,CARD_WALLET,Full KYC,TG,Hyderabad,IN,DEV-EFE3222C15,11,59472.09,6421.01,41283.91,0,0,2,Salaried,No,No,0,App,False,DOMESTIC_STATIC,0,1
ACC00118,AUVND1932I,Krishna Desai,2000-05-06,962,CARD_WALLET,Min-KYC,GJ,Ahmedabad,IN,DEV-D36AA85CBB,9,45749.04,5859.29,89790.08,0,0,1,Business,No,No,0,Web,False,DOMESTIC_TRAVELLER,0,0
ACC00119,JFFUN3963Z,Priya Desai,1983-03-08,13,CARD_WALLET,Full KYC,DL,Delhi,IN,DEV-81ADD72175,16,26263.1,6825.22,90711.78,0,0,2,Student,No,No,0,App,False,DOMESTIC_STATIC,0,0
ACC00120,WXIEN4014J,Nisha Joshi,1966-12-24,611,CARD_WALLET,Full KYC,TG,Hyderabad,IN,DEV-1AB6B3C990,7,46065.22,6436.47,3866.84,0,0,3,Salaried,No,No,0,Branch,False,DOMESTIC_TRAVELLER,1,0
ACC00121,MNCDP6249X,Aarav Kapoor,1967-10-20,786,CARD_WALLET,Full KYC,TN,Chennai,IN,DEV-26A0004F71,14,45343.14,872.5,197432.08,0,0,1,Business,No,No,0,Web,False,DOMESTIC_STATIC,0,0
ACC00122,SGZTM9677C,Nisha Gupta,1982-12-04,1343,CARD_WALLET,Full KYC,TG,Hyderabad,IN,DEV-910C03A2EF,15,40928.58,7871.59,225271.79,0,0,3,Retired,No,No,255,Branch,False,DOMESTIC_STATIC,2,0
ACC00123,QGWWG5401D,Vihaan Iyer,1981-06-09,191,CARD_WALLET,Full KYC,DL,Delhi,IN,DEV-4A6DC225FA,4,47750.04,6819.18,159854.8,0,0,1,Student,No,No,0,Web,False,DOMESTIC_STATIC,1,2
ACC00124,YPYGU4817N,Suresh Malhotra,2001-11-05,712,CARD_WALLET,Full KYC,MH,Mumbai,IN,DEV-9BA35562E1,4,33447.36,3768.35,98267.06,0,0,3,Salaried,No,No,0,Web,False,DOMESTIC_STATIC,1,0
ACC00125,OWECV6366N,Riya Menon,1967-03-03,32,CARD_WALLET,Full KYC,KA,Bengaluru,IN,DEV-0B00C03195,4,33915.48,4593.52,252004.9,0,0,3,Salaried,No,No,0,App,False,DOMESTIC_STATIC,0,0
ACC00126,YIEBZ6849T,Manish Mehta,1997-06-13,1690,CARD_WALLET,Full KYC,UP,Lucknow,IN,DEV-19A90BC136,2,9318.86,7729.91,256261.23,0,0,2,Business,No,No,0,App,False,DOMESTIC_TRAVELLER,1,1
ACC00127,OJXCD3685B,Riya Patel,1970-01-10,2161,CARD_WALLET,Min-KYC,UP,Lucknow,IN,DEV-25711E7124,25,29087.22,1429.69,199619.51,0,0,3,Business,No,No,0,Branch,False,DOMESTIC_TRAVELLER,0,0
ACC00128,MGXUZ5825X,Rohan Reddy,2001-09-22,40,CARD_WALLET,Full KYC,WB,Kolkata,IN,DEV-CCE8AEA84B,20,5195.29,4696.4,35465.55,0,0,1,Student,No,No,0,Branch,False,INTERNATIONAL_FREQUENT,0,0
ACC00129,MSQMW3387F,Sanjay Pillai,1997-11-24,1462,CARD_WALLET,Min-KYC,WB,Kolkata,IN,DEV-033B496C4A,24,53637.75,3009.34,16641.5,0,0,2,Business,No,No,0,Web,False,DOMESTIC_STATIC,1,0
ACC00130,YDVHM6444Y,Rohan Kapoor,1966-04-17,1895,CARD_WALLET,Full KYC,DL,Delhi,IN,DEV-BAC9A00ED4,18,49229.77,7484.98,247153.97,0,0,3,Business,No,No,292,Web,False,DOMESTIC_STATIC,1,1
ACC00131,GSXSS1005K,Sanjay Patel,1979-10-11,15,CARD_WALLET,Full KYC,MH,Pune,IN,DEV-61D7367554,3,39546.65,3284.89,165951.03,0,0,2,Retired,No,No,0,App,False,DOMESTIC_STATIC,0,0
ACC00132,HOJOD7505M,Aarav Bose,1982-11-08,2254,CARD_WALLET,Full KYC,DL,Delhi,IN,DEV-FAD55C90A3,23,14094.88,7737.95,118788.76,0,0,2,Business,No,No,0,Branch,False,DOMESTIC_STATIC,2,0
ACC00133,FXEFL5701A,Nikhil Joshi,1978-07-13,67,CARD_WALLET,Full KYC,MH,Mumbai,IN,DEV-59A9DBB1D1,4,24071.78,5178.74,50728.02,0,0,1,Business,No,No,0,Web,False,DOMESTIC_STATIC,0,0
ACC00134,EXFHN7075C,Rajesh Pillai,1990-07-03,302,CARD_WALLET,Full KYC,MH,Pune,IN,DEV-A54D5137F1,17,44324.16,1626.55,166301.56,0,0,3,Retired,No,No,0,App,False,DOMESTIC_TRAVELLER,0,1
ACC00135,TFOAM3263P,Nikhil Bose,1999-12-06,81,CARD_WALLET,Min-KYC,RJ,Jaipur,IN,DEV-F44F1082C2,23,12338.07,1092.57,68950.02,0,0,2,Business,No,No,0,App,False,DOMESTIC_STATIC,0,0
ACC00136,DROFZ1347D,Vivaan Chatterjee,1991-07-13,1975,CARD_WALLET,Full KYC,MH,Mumbai,IN,DEV-334B5A9CA3,24,24863.91,5039.4,166801.76,0,0,1,Student,No,No,0,App,False,DOMESTIC_STATIC,1,0
ACC00137,YWDDL4480F,Riya Pillai,1998-08-20,1748,CARD_WALLET,Full KYC,MH,Mumbai,IN,DEV-B02B382339,23,51250.2,3139.44,278910.15,0,0,3,Student,No,No,0,Web,False,DOMESTIC_STATIC,0,0
ACC00138,RPXNB5152X,Arjun Bose,2001-11-18,84,CARD_WALLET,Full KYC,RJ,Jaipur,IN,DEV-47BA445541,11,11768.63,1819.43,229455.72,0,0,3,Salaried,No,No,0,Branch,False,DOMESTIC_STATIC,0,1
ACC00139,OHYYH1576A,Diya Singh,1971-06-01,1700,CARD_WALLET,Full KYC,MH,Mumbai,IN,DEV-3D4676984D,17,41249.62,1380.96,178476.9,0,0,3,Student,No,No,0,Web,False,DOMESTIC_STATIC,0,0
ACC00140,JTIXK3564V,Sai Patel,1970-12-05,2119,CARD_WALLET,Full KYC,GJ,Ahmedabad,IN,DEV-2143F38FED,24,7829.3,4129.3,272406.65,0,0,2,Salaried,No,No,398,App,False,DOMESTIC_TRAVELLER,1,0
ACC00141,TDMYW3001L,Preeti Menon,1981-02-16,1235,CARD_WALLET,Full KYC,KA,Bengaluru,IN,DEV-870D37419D,23,6691.03,1622.49,238437.5,0,0,2,Retired,No,No,0,App,False,DOMESTIC_STATIC,0,0
ACC00142,RKJRH1531K,Neha Kumar,1980-05-20,25,CARD_WALLET,Full KYC,GJ,Ahmedabad,IN,DEV-6B5BDADE80,13,29762.71,6720.53,180599.69,0,0,1,Business,No,No,0,Branch,False,DOMESTIC_STATIC,0,0
ACC00143,AIPCV4291T,Rajesh Kapoor,1986-10-22,26,CARD_WALLET,Full KYC,UP,Lucknow,IN,DEV-1995C26085,11,14814.07,4407.14,232929.93,0,0,2,Salaried,No,No,0,App,False,DOMESTIC_STATIC,0,0
ACC00144,QQDWD8269V,Swati Mehta,1967-01-13,1787,CARD_WALLET,Full KYC,RJ,Jaipur,IN,DEV-835F4568FE,5,6329.22,3483.55,82685.96,0,0,3,Business,No,No,0,Branch,False,DOMESTIC_STATIC,0,0
ACC00145,DJIQH8453N,Aarav Joshi,1977-09-01,505,CARD_WALLET,Full KYC,TN,Chennai,IN,DEV-FC662A7CF3,3,49859.73,5527.1,128636.17,0,0,2,Business,No,No,0,Web,False,DOMESTIC_STATIC,1,0
ACC00146,NKYZL8406L,Shreya Pillai,1986-05-04,1516,CARD_WALLET,Full KYC,UP,Lucknow,IN,DEV-24F5C28696,13,33405.76,6772.8,27509.91,0,0,3,Salaried,No,No,305,Web,False,DOMESTIC_STATIC,0,0
ACC00147,XKOTD8495F,Preeti Kumar,1980-03-06,2235,CARD_WALLET,Full KYC,TG,Hyderabad,IN,DEV-6E905B5F7F,16,10339.42,820.76,159084.06,0,0,1,Salaried,No,No,0,App,False,DOMESTIC_TRAVELLER,0,1
ACC00148,DWZTU4739R,Diya Nair,2002-05-15,1740,CARD_WALLET,Full KYC,TN,Chennai,IN,DEV-A5294F9C3F,23,56561.31,7162.08,6908.71,0,0,2,Business,No,No,0,App,False,DOMESTIC_STATIC,0,0
ACC00149,SRHKB5319C,Preeti Iyer,2000-10-23,1619,CARD_WALLET,Full KYC,GJ,Ahmedabad,IN,DEV-B4F36A0898,11,16106.92,2851.43,203300.56,0,0,2,Salaried,No,No,0,Web,False,DOMESTIC_STATIC,0,0
ACC00150,UXCOZ9775F,Vivaan Menon,1998-10-13,2156,CARD_WALLET,Full KYC,GJ,Ahmedabad,IN,DEV-A6B99AA4E9,24,12863.07,7295.11,160474.25,0,0,1,Salaried,No,No,419,App,False,DOMESTIC_TRAVELLER,2,0
ACC00151,VQUTS8887I,Vihaan Gupta,1983-01-17,62,CARD_WALLET,Full KYC,KA,Bengaluru,IN,DEV-432CB8800A,19,15991.74,3509.63,265178.59,0,0,3,Retired,No,No,0,Branch,False,DOMESTIC_STATIC,0,0
ACC00152,ZHAXY3019Y,Preeti Iyer,1989-03-12,2266,CARD_WALLET,Full KYC,GJ,Ahmedabad,IN,DEV-11937A1780,15,7542.65,6630.57,17678.53,0,0,3,Salaried,No,No,0,Branch,False,DOMESTIC_TRAVELLER,0,0
ACC00153,UGLCL2256L,Aarav Shah,1988-05-06,886,CARD_WALLET,Full KYC,MH,Pune,IN,DEV-042DD360F3,7,14980.38,7773.41,263887.93,0,0,1,Student,No,No,0,App,False,DOMESTIC_STATIC,0,0
ACC00154,WIHPP8482T,Kiran Shah,1974-04-03,1357,CARD_WALLET,Min-KYC,GJ,Ahmedabad,IN,DEV-75BF9DEEF1,9,50489.92,1213.05,45313.09,0,0,2,Business,No,No,0,Branch,False,DOMESTIC_STATIC,0,0
ACC00155,HSNSU9438I,Rohan Patel,1983-10-03,724,CARD_WALLET,Full KYC,TG,Hyderabad,IN,DEV-66D28A7578,12,36156.86,3683.23,234234.45,0,0,2,Student,No,No,0,Branch,False,INTERNATIONAL_FREQUENT,1,0
ACC00156,BHBWL6065B,Sneha Nair,1973-08-22,1015,CARD_WALLET,Full KYC,TG,Hyderabad,IN,DEV-BBEC293742,24,42541.96,878.06,164590.4,0,0,1,Student,No,No,0,App,False,DOMESTIC_STATIC,1,0
ACC00157,UZDMG9500F,Nisha Mehta,1989-06-10,2346,CARD_WALLET,Min-KYC,KA,Bengaluru,IN,DEV-783645DCCF,7,51561.76,542.26,26554.11,0,0,3,Student,No,No,0,Branch,False,DOMESTIC_STATIC,0,0
ACC00158,NLTWE8788Q,Shreya Patel,1979-08-13,368,CARD_WALLET,Full KYC,MH,Mumbai,IN,DEV-AE231892A0,11,8785.99,2430.52,223725.71,0,0,2,Business,No,No,0,Web,False,DOMESTIC_TRAVELLER,0,1
ACC00159,IHGYY7656G,Kiran Nair,1975-01-22,60,CARD_WALLET,Full KYC,RJ,Jaipur,IN,DEV-4626C08762,8,58452.2,5204.02,282850.94,0,0,2,Retired,No,No,0,Branch,False,DOMESTIC_STATIC,0,0
ACC00160,UCOGO6340A,Swati Menon,1977-07-20,76,CARD_WALLET,Full KYC,MH,Mumbai,IN,DEV-345C92DFD9,2,10918.89,3166.13,235241.59,0,0,3,Retired,No,No,0,App,False,DOMESTIC_STATIC,2,0
ACC00161,CTRLB8906N,Isha Bose,2002-10-05,1636,CARD_WALLET,Full KYC,RJ,Jaipur,IN,DEV-14222C5EDB,12,29794.52,3147.81,67858.25,0,0,3,Retired,No,No,0,App,False,INTERNATIONAL_FREQUENT,0,0
ACC00162,XNUWV1336Q,Amit Singh,2002-07-27,1844,CARD_WALLET,Full KYC,RJ,Jaipur,IN,DEV-EA3AABDD26,20,26925.59,2891.53,19991.8,0,0,1,Business,No,No,0,Branch,False,INTERNATIONAL_FREQUENT,0,0
ACC00163,OYCLS9449J,Saanvi Pillai,1972-05-22,1650,CARD_WALLET,Full KYC,UP,Lucknow,IN,DEV-91E12A5807,21,49888.6,6445.26,114810.48,0,0,2,Business,No,No,0,Branch,False,DOMESTIC_TRAVELLER,0,0
ACC00164,AXNOZ3408S,Vikram Chatterjee,1997-08-02,1865,CARD_WALLET,Full KYC,GJ,Ahmedabad,IN,DEV-4AB76169E3,19,44007.42,1466.77,287082.24,0,0,3,Business,No,No,0,Web,False,DOMESTIC_STATIC,1,0
ACC00165,EOMON5123D,Pooja Nair,1984-03-27,660,CARD_WALLET,Full KYC,DL,Delhi,IN,DEV-E58FD7443C,9,6804.13,7189.1,80448.97,0,0,3,Student,No,No,0,Branch,False,DOMESTIC_STATIC,0,0
ACC00166,AFBJK3185K,Diya Desai,1985-01-05,1425,CARD_WALLET,Full KYC,TN,Chennai,IN,DEV-00CCA5DFED,17,25985.46,6938.13,72568.8,0,0,1,Business,No,No,0,Web,False,DOMESTIC_STATIC,0,0
ACC00167,XRPXW4924K,Rajesh Verma,1979-12-26,302,CARD_WALLET,Full KYC,KA,Bengaluru,IN,DEV-3EC812D2EF,18,24266.43,4200.16,69381.84,0,0,2,Salaried,No,No,0,Web,False,DOMESTIC_STATIC,1,0
ACC00168,KTMAS8676R,Manish Joshi,1985-04-09,65,CARD_WALLET,Full KYC,GJ,Ahmedabad,IN,DEV-180523DFF0,10,19732.84,3458.46,236689.95,0,0,3,Business,No,No,0,Web,False,DOMESTIC_STATIC,0,0
ACC00169,BLBNB1705U,Reyansh Iyer,1979-01-10,2387,CARD_WALLET,Full KYC,KA,Bengaluru,IN,DEV-1AFDF01EB7,18,24746.2,7558.94,189976.2,0,0,1,Student,No,No,0,App,False,DOMESTIC_TRAVELLER,0,1
ACC00170,QHTFA9351U,Vihaan Sharma,1987-09-03,2212,CARD_WALLET,Full KYC,GJ,Ahmedabad,IN,DEV-0A73B80B99,14,28877.5,6032.74,88791.62,0,0,2,Student,No,No,0,Web,False,DOMESTIC_STATIC,0,0
ACC00171,NQACJ8536T,Sai Bose,1993-12-06,562,CARD_WALLET,Full KYC,TG,Hyderabad,IN,DEV-FFB6EE6D2A,16,51457.27,1603.95,47350.97,0,0,3,Salaried,No,No,0,Branch,False,DOMESTIC_STATIC,0,0
ACC00172,WWPFF7477X,Shreya Chatterjee,2000-09-03,35,CARD_WALLET,Min-KYC,MH,Mumbai,IN,DEV-57C7B07A6A,14,56225.36,1181.01,269727.75,0,0,1,Student,No,No,0,Branch,False,DOMESTIC_STATIC,0,0
ACC00173,AYMGD1761S,Pooja Nair,1973-02-03,2471,CARD_WALLET,Full KYC,MH,Pune,IN,DEV-63D4D420F3,18,9462.2,3153.89,26472.18,0,0,1,Business,No,No,0,App,False,INTERNATIONAL_FREQUENT,1,1
ACC00174,YYEHU2926W,Priya Sharma,2002-06-04,1368,CARD_WALLET,Full KYC,TN,Chennai,IN,DEV-0CD963CB7C,24,38437.25,3431.81,204697.61,0,0,1,Business,No,No,0,Branch,False,DOMESTIC_STATIC,0,0
ACC00175,XEJHT5106Y,Priya Menon,1993-10-24,839,CARD_WALLET,Full KYC,TN,Chennai,IN,DEV-61AABBA6F1,22,44902.58,7440.33,139799.0,0,0,3,Student,No,No,0,Web,False,DOMESTIC_STATIC,0,0
ACC00176,NETRG2295S,Preeti Rao,1965-07-12,569,CARD_WALLET,Min-KYC,RJ,Jaipur,IN,DEV-8D1BD21218,6,51411.69,2304.03,19021.32,0,0,3,Business,No,No,0,Web,False,DOMESTIC_STATIC,0,0
ACC00177,MQOKF8276E,Anjali Reddy,1982-02-17,1594,CARD_WALLET,Min-KYC,RJ,Jaipur,IN,DEV-579C67A458,24,10417.44,1519.9,81431.84,0,0,3,Retired,No,No,0,Web,False,DOMESTIC_STATIC,0,0
ACC00178,CGQQM6781M,Anjali Bose,1985-03-08,1054,CARD_WALLET,Full KYC,KA,Bengaluru,IN,DEV-5CF65A5B3A,3,40955.21,1472.47,155732.09,0,0,3,Salaried,No,No,0,Web,False,DOMESTIC_STATIC,0,0
ACC00179,FJDBO3413K,Vihaan Gupta,1986-01-23,914,CARD_WALLET,Full KYC,TG,Hyderabad,IN,DEV-B6459A1834,4,5998.05,5362.73,86024.11,0,0,3,Business,No,No,0,Branch,False,DOMESTIC_STATIC,0,0
ACC00180,CVHZZ2448G,Aarav Iyer,1999-10-18,1041,CARD_WALLET,Full KYC,TG,Hyderabad,IN,DEV-ADFDB78EED,15,10924.19,6115.25,27524.57,0,0,1,Business,No,No,0,Web,False,DOMESTIC_STATIC,1,0
ACC00181,OZJSM2665Y,Kiran Gupta,1996-05-15,1818,CARD_WALLET,Full KYC,MH,Pune,IN,DEV-E1F6767E39,11,20613.5,3284.47,44308.26,0,0,3,Retired,No,No,0,Branch,False,DOMESTIC_STATIC,1,0
ACC00182,ONYDZ4340Q,Diya Pillai,1990-09-08,65,CARD_WALLET,Min-KYC,UP,Lucknow,IN,DEV-983117EAC2,16,37204.18,3500.17,12272.98,0,0,3,Retired,No,No,0,Branch,False,DOMESTIC_STATIC,0,0
ACC00183,VEEPU7060U,Pooja Malhotra,1977-06-16,1916,CARD_WALLET,Full KYC,DL,Delhi,IN,DEV-FA417F348B,8,32036.39,2708.82,280012.74,0,0,2,Retired,No,No,0,Branch,False,DOMESTIC_STATIC,1,0
ACC00184,PGTPX8721T,Divya Mehta,1998-04-07,243,CARD_WALLET,Full KYC,UP,Lucknow,IN,DEV-A5166B7D80,9,2556.19,1628.79,149160.96,0,0,1,Student,No,No,0,Branch,False,DOMESTIC_STATIC,0,1
ACC00185,VHDGY3027A,Isha Shah,1982-08-23,1520,CARD_WALLET,Min-KYC,RJ,Jaipur,IN,DEV-A62323E8B0,9,26656.82,6536.58,266961.36,0,0,1,Business,No,No,0,App,False,DOMESTIC_TRAVELLER,0,0
ACC00186,BCDEN2194M,Suresh Bose,1990-04-06,28,CARD_WALLET,Min-KYC,DL,Delhi,IN,DEV-9100303F06,18,48173.54,1145.11,109462.84,0,0,3,Student,No,No,0,Web,False,DOMESTIC_STATIC,0,1
ACC00187,BPLLK1149S,Ananya Patel,1991-02-01,2244,CARD_WALLET,Full KYC,DL,Delhi,IN,DEV-9703B7FAA5,5,16320.2,1824.57,75766.03,0,0,1,Student,No,No,0,Web,False,DOMESTIC_STATIC,1,0
ACC00188,GNUXV7736X,Isha Kapoor,1970-08-15,534,CARD_WALLET,Full KYC,KA,Bengaluru,IN,DEV-3E1C01D815,17,41802.84,2702.28,209748.1,0,0,2,Retired,No,No,400,App,False,DOMESTIC_STATIC,0,0
ACC00189,BAIUE4793D,Rajesh Patel,1999-10-10,580,CARD_WALLET,Full KYC,KA,Bengaluru,IN,DEV-EA3A755012,8,4812.66,4973.72,278595.29,0,0,2,Salaried,No,No,0,Branch,False,DOMESTIC_STATIC,0,0
ACC00190,PDMEI6449Z,Anjali Menon,1975-01-12,1800,CARD_WALLET,Min-KYC,GJ,Ahmedabad,IN,DEV-5305E47BF1,12,16271.23,7540.67,66934.42,0,0,2,Salaried,No,No,0,Web,False,INTERNATIONAL_FREQUENT,0,1
ACC00191,VCFZS9262E,Ananya Nair,1982-05-04,52,CARD_WALLET,Full KYC,RJ,Jaipur,IN,DEV-9A740B184C,22,28156.39,2194.17,288437.2,0,0,1,Student,No,No,0,App,False,DOMESTIC_TRAVELLER,0,0
ACC00192,LRCBF9228Q,Nisha Chatterjee,1988-06-27,1750,CARD_WALLET,Min-KYC,KA,Bengaluru,IN,DEV-D0D972DC45,16,12596.81,3983.33,97819.56,0,0,2,Student,No,No,0,Web,False,INTERNATIONAL_FREQUENT,0,0
ACC00193,NEXRJ5114M,Preeti Chatterjee,2001-05-08,545,CARD_WALLET,Full KYC,GJ,Ahmedabad,IN,DEV-54AF8B086A,10,27665.72,603.22,77310.66,0,0,3,Salaried,No,No,0,Web,False,DOMESTIC_STATIC,0,0
ACC00194,IDYCW6269Q,Aditya Patel,1999-02-16,41,CARD_WALLET,Full KYC,GJ,Ahmedabad,IN,DEV-86F5671F71,12,6207.75,4440.95,180506.46,0,0,1,Retired,No,No,0,Web,False,DOMESTIC_TRAVELLER,0,1
ACC00195,QTNQE2680U,Neha Iyer,1986-10-07,38,CARD_WALLET,Full KYC,TN,Chennai,IN,DEV-F43C11661A,25,49903.09,4864.7,12450.56,0,0,3,Retired,No,No,0,Branch,False,DOMESTIC_STATIC,0,0
ACC00196,JIQSA6868F,Riya Sharma,1991-02-14,1821,CARD_WALLET,Full KYC,RJ,Jaipur,IN,DEV-3AB4CD3974,7,22562.58,1716.51,153871.6,0,0,3,Salaried,No,No,0,Branch,False,DOMESTIC_STATIC,0,0
ACC00197,OZVVB7215R,Ananya Gupta,1991-08-10,2359,CARD_WALLET,Full KYC,UP,Lucknow,IN,DEV-4FD1A12CD0,5,17212.5,1804.44,8029.15,0,0,2,Salaried,No,No,0,Branch,False,DOMESTIC_STATIC,0,0
ACC00198,ZTTTF2690B,Ananya Verma,1974-04-14,78,CARD_WALLET,Min-KYC,DL,Delhi,IN,DEV-511461CAB7,7,11848.39,5335.81,92960.3,0,0,1,Retired,No,No,0,Web,False,DOMESTIC_TRAVELLER,0,0
ACC00199,TISLV9275P,Sai Menon,1984-07-12,80,CARD_WALLET,Full KYC,TN,Chennai,IN,DEV-327EF6341D,17,39275.75,5798.07,30610.11,0,0,1,Student,No,No,0,Branch,False,DOMESTIC_STATIC,0,1
ACC00200,ZAPLJ8338L,Sanjay Kumar,1986-04-13,1863,CARD_WALLET,Full KYC,KA,Bengaluru,IN,DEV-84400793E6,8,35757.91,7982.49,225316.12,0,0,2,Salaried,No,No,0,Branch,False,DOMESTIC_STATIC,0,2
ACC00201,TCOXZ1624C,Aditya Kumar,1992-12-27,1277,CARD_WALLET,Full KYC,TG,Hyderabad,IN,DEV-BF496A897D,14,58562.75,6052.65,251364.01,0,0,3,Salaried,No,No,0,Branch,False,DOMESTIC_STATIC,1,0
ACC00202,PMYHF7342U,Pooja Sharma,1970-09-04,1198,CARD_WALLET,Full KYC,TN,Chennai,IN,DEV-3A7DEC1A58,5,52152.0,5202.79,135174.1,0,0,1,Student,No,No,0,App,False,DOMESTIC_STATIC,0,0
ACC00203,PMNCC4678V,Aditya Singh,1999-09-09,689,CARD_WALLET,Full KYC,GJ,Ahmedabad,IN,DEV-7A635707A6,15,35639.1,3375.22,150340.64,0,0,3,Business,No,No,0,Branch,False,DOMESTIC_TRAVELLER,0,0
ACC00204,ROYFC7610Q,Manish Singh,1990-09-24,1133,CARD_WALLET,Full KYC,DL,Delhi,IN,DEV-3C24EA15DC,25,57086.06,2281.94,133039.02,0,0,1,Student,No,No,0,App,False,DOMESTIC_STATIC,2,1
ACC00205,DQVRW6438X,Deepak Reddy,2000-10-23,1267,CARD_WALLET,Min-KYC,TG,Hyderabad,IN,DEV-DE92751D34,2,57968.82,6092.33,4393.57,0,0,1,Business,No,No,0,Web,False,DOMESTIC_STATIC,1,1
ACC00206,NLSSB1200R,Amit Reddy,1999-01-12,458,CARD_WALLET,Full KYC,GJ,Ahmedabad,IN,DEV-67ACA055F5,23,16414.38,6637.62,201993.44,0,0,1,Business,No,No,0,Web,False,INTERNATIONAL_FREQUENT,0,0
ACC00207,XHOSG4205U,Isha Pillai,1993-08-05,1599,CARD_WALLET,Full KYC,TN,Chennai,IN,DEV-5B6814512F,19,19342.59,2978.23,290590.44,0,0,3,Salaried,No,No,0,App,False,INTERNATIONAL_FREQUENT,0,0
ACC00208,XBHLX6571V,Preeti Patel,1990-02-27,366,CARD_WALLET,Full KYC,TN,Chennai,IN,DEV-A90C44D96F,2,37599.26,1926.38,181922.69,0,0,1,Retired,No,No,0,Web,False,DOMESTIC_TRAVELLER,0,0
ACC00209,MVFPQ3743G,Rajesh Bose,1984-01-18,1046,CARD_WALLET,Full KYC,RJ,Jaipur,IN,DEV-4CBFEE6C40,14,45099.02,6862.27,16264.5,0,0,1,Salaried,No,No,0,App,False,DOMESTIC_TRAVELLER,0,0
ACC00210,EGDEU4171W,Meera Bose,1978-06-10,1114,CARD_WALLET,Full KYC,TG,Hyderabad,IN,DEV-91F2E98C19,23,3618.2,606.5,49931.97,0,0,2,Student,No,No,0,Branch,False,DOMESTIC_TRAVELLER,1,0
ACC00211,VJFLH7159S,Arjun Menon,1994-07-16,48,CARD_WALLET,Full KYC,RJ,Jaipur,IN,DEV-202DF67A46,25,25779.16,1027.9,27306.14,0,0,3,Business,No,No,0,Web,False,INTERNATIONAL_FREQUENT,0,0
ACC00212,MKMLR6569W,Isha Nair,1998-04-06,135,CARD_WALLET,Full KYC,RJ,Jaipur,IN,DEV-454DA4298B,10,53243.19,2952.69,95225.39,0,0,3,Retired,No,No,0,App,False,DOMESTIC_STATIC,2,0
ACC00213,WATWL9331V,Ishaan Menon,1999-05-03,673,CARD_WALLET,Min-KYC,TN,Chennai,IN,DEV-BBBE77148C,21,38256.6,4368.96,64118.15,0,0,2,Business,No,No,0,Web,False,DOMESTIC_TRAVELLER,0,0
ACC00214,EGBQN4987Q,Preeti Sharma,1972-10-12,169,CARD_WALLET,Full KYC,GJ,Ahmedabad,IN,DEV-8716BF3E6C,18,27253.95,6571.1,210790.69,0,0,2,Business,No,No,0,App,False,DOMESTIC_STATIC,0,0
ACC00215,DFJRN8576T,Krishna Shah,1965-07-19,2402,CARD_WALLET,Min-KYC,MH,Mumbai,IN,DEV-3AACA154A7,13,47289.52,1019.4,123241.76,0,0,1,Business,No,No,0,App,False,DOMESTIC_STATIC,0,0
ACC00216,GTPCT4650B,Reyansh Patel,1968-01-26,74,CARD_WALLET,Full KYC,DL,Delhi,IN,DEV-1CB569994D,5,22398.29,7354.81,186722.14,0,0,1,Retired,No,No,0,App,False,DOMESTIC_STATIC,0,0
ACC00217,UOIBX9719K,Pooja Verma,1998-12-26,53,CARD_WALLET,Full KYC,GJ,Ahmedabad,IN,DEV-0264420702,22,43432.97,7518.98,227036.49,0,0,2,Business,No,No,0,Branch,False,DOMESTIC_STATIC,2,1
ACC00218,CGRLI4822D,Divya Bose,1979-03-04,1064,CARD_WALLET,Min-KYC,TN,Chennai,IN,DEV-5CFE302D1C,6,37204.23,7327.72,165255.25,0,0,2,Student,No,No,0,App,False,DOMESTIC_TRAVELLER,1,0
ACC00219,VULNZ2787J,Tanvi Rao,1996-01-07,2133,CARD_WALLET,Full KYC,RJ,Jaipur,IN,DEV-0D73C4764D,10,36571.55,5444.58,187986.31,0,0,3,Salaried,No,No,0,App,False,DOMESTIC_STATIC,0,0
ACC00220,AFRIJ6079L,Kavya Chatterjee,1970-07-11,1051,CARD_WALLET,Full KYC,KA,Bengaluru,IN,DEV-AF365B5040,4,9286.27,2876.67,230497.78,0,0,3,Salaried,No,No,0,Web,False,DOMESTIC_TRAVELLER,0,0
ACC00221,JTKPP8836L,Deepak Bose,1967-02-22,2431,CARD_WALLET,Full KYC,RJ,Jaipur,IN,DEV-3817D341B7,10,13803.02,6367.29,166483.17,0,0,2,Retired,No,No,0,Branch,False,DOMESTIC_TRAVELLER,1,0
ACC00222,PNOAU5296G,Priya Singh,1971-02-18,2479,CARD_WALLET,Full KYC,KA,Bengaluru,IN,DEV-398A3EBE4D,8,9569.62,3473.67,226775.42,0,0,3,Student,No,No,0,Web,False,DOMESTIC_STATIC,0,0
ACC00223,APVJJ1269Y,Nisha Joshi,1972-10-06,587,CARD_WALLET,Full KYC,MH,Mumbai,IN,DEV-5CCBBB9B30,2,10851.97,1755.88,86203.47,0,0,1,Salaried,No,No,275,Branch,False,DOMESTIC_STATIC,0,0
ACC00224,ZHLZG7704F,Suresh Menon,1995-03-05,315,CARD_WALLET,Min-KYC,RJ,Jaipur,IN,DEV-0F06E3D893,7,35589.86,1238.8,168877.72,0,0,3,Salaried,No,No,0,Web,False,DOMESTIC_STATIC,0,0
ACC00225,VYHQU8108O,Preeti Mehta,1996-09-22,20,CARD_WALLET,Full KYC,TG,Hyderabad,IN,DEV-E2E1CFBCF6,17,43929.38,6645.22,279467.85,0,0,1,Retired,No,No,223,App,False,DOMESTIC_STATIC,0,0
ACC00226,FCRAB6208U,Isha Nair,2002-01-13,2085,CARD_WALLET,Full KYC,TG,Hyderabad,IN,DEV-A9E106B8BC,17,9647.24,6393.43,24487.26,0,0,1,Business,No,No,0,Branch,False,INTERNATIONAL_FREQUENT,0,0
ACC00227,LIMXB2494S,Shreya Reddy,1982-12-13,2497,CARD_WALLET,Full KYC,TG,Hyderabad,IN,DEV-6011D58BE2,21,11911.87,2768.11,45211.56,0,0,2,Salaried,No,No,413,App,False,DOMESTIC_STATIC,1,2
ACC00228,NNMRO1671V,Nisha Iyer,1979-07-23,545,CARD_WALLET,Full KYC,TN,Chennai,IN,DEV-CDD6DE939B,3,17925.69,1258.84,28127.24,0,0,1,Salaried,No,No,0,App,False,DOMESTIC_STATIC,0,0
ACC00229,JOFAP1965R,Isha Gupta,1986-11-05,422,CARD_WALLET,Full KYC,RJ,Jaipur,IN,DEV-EBCF7B6424,24,52650.5,5458.56,22396.24,0,0,1,Business,No,No,0,Branch,False,DOMESTIC_TRAVELLER,1,0
ACC00230,MXIQI3299L,Vihaan Desai,1968-10-22,68,CARD_WALLET,Full KYC,GJ,Ahmedabad,IN,DEV-51867900FD,10,57845.89,2753.48,173362.45,0,0,3,Student,No,No,0,App,False,DOMESTIC_TRAVELLER,1,1
ACC00231,FUPKT1354E,Swati Pillai,1987-12-07,2132,CARD_WALLET,Full KYC,GJ,Ahmedabad,IN,DEV-B571F64487,21,59728.48,4513.58,54832.58,0,0,2,Business,No,No,0,App,False,DOMESTIC_TRAVELLER,1,1
ACC00232,JDBNB5785T,Neha Pillai,2002-02-22,1362,CARD_WALLET,Full KYC,TN,Chennai,IN,DEV-95435481D1,18,55246.92,7830.03,160438.91,0,0,1,Retired,No,No,0,Branch,False,DOMESTIC_STATIC,0,0
ACC00233,UAYAH4196U,Riya Verma,1981-08-08,2437,CARD_WALLET,Min-KYC,MH,Mumbai,IN,DEV-AA7C4BDE9F,13,40533.5,1983.68,74317.24,0,0,2,Student,No,No,0,App,False,DOMESTIC_STATIC,0,0
ACC00234,MOWYE6896O,Divya Iyer,1979-03-23,86,CARD_WALLET,Full KYC,MH,Mumbai,IN,DEV-4EDC9D6476,7,3858.14,7925.67,46379.72,0,0,2,Salaried,No,No,0,App,False,DOMESTIC_STATIC,0,0
ACC00235,MBNTC3222B,Priya Nair,1998-10-01,2331,CARD_WALLET,Full KYC,KA,Bengaluru,IN,DEV-16AB40AD60,25,47329.62,7973.33,26465.85,0,0,2,Student,No,No,0,Web,False,DOMESTIC_STATIC,0,1
ACC00236,MBXDS7649U,Riya Joshi,1995-09-21,1464,CARD_WALLET,Full KYC,MH,Mumbai,IN,DEV-E5F0A7E3CB,2,40646.28,7367.34,123993.14,0,0,1,Salaried,No,No,0,Branch,False,DOMESTIC_STATIC,0,0
ACC00237,XYGNS4465K,Tanvi Desai,1995-07-10,61,CARD_WALLET,Full KYC,DL,Delhi,IN,DEV-5377E54FD4,20,21033.79,975.01,47309.74,0,0,2,Salaried,No,No,0,App,False,DOMESTIC_STATIC,0,0
ACC00238,YABKT1430T,Nikhil Sharma,1969-09-13,2301,CARD_WALLET,Full KYC,WB,Kolkata,IN,DEV-0DBB34E901,18,53460.13,5851.25,78801.57,0,0,1,Retired,No,No,0,Branch,False,INTERNATIONAL_FREQUENT,2,0
ACC00239,SMMEI2821D,Rajesh Iyer,1978-01-19,1600,CARD_WALLET,Full KYC,UP,Lucknow,IN,DEV-A8F88B645C,6,13573.91,7077.47,229308.73,0,0,1,Student,No,No,0,Branch,False,DOMESTIC_STATIC,0,0
ACC00240,WPNBO2890K,Riya Kumar,2001-01-12,979,CARD_WALLET,Full KYC,RJ,Jaipur,IN,DEV-FD8FFB2E46,24,56532.41,4444.8,124974.02,0,0,3,Retired,No,No,0,App,False,DOMESTIC_STATIC,1,1
ACC00241,UKJRE2143C,Saanvi Sharma,1987-02-08,72,CARD_WALLET,Full KYC,RJ,Jaipur,IN,DEV-C5AF74601E,7,38351.69,6706.64,299703.18,0,0,3,Salaried,No,No,0,App,False,DOMESTIC_STATIC,1,0
ACC00242,CBLRH4376B,Kiran Mehta,1982-06-19,2396,CARD_WALLET,Full KYC,TN,Chennai,IN,DEV-4196323DD0,22,13693.3,4706.24,289044.54,0,0,1,Salaried,No,No,0,Branch,False,DOMESTIC_STATIC,1,1
ACC00243,TAEUC1877H,Arjun Nair,1970-09-10,1139,CARD_WALLET,Full KYC,DL,Delhi,IN,DEV-954FDED1EB,5,25497.32,1484.73,6182.68,0,0,3,Salaried,No,No,0,App,False,DOMESTIC_STATIC,0,0
ACC00244,ETDOO7987L,Sai Nair,1979-04-04,2003,CARD_WALLET,Full KYC,MH,Pune,IN,DEV-949F72FD92,25,45977.88,5297.84,139451.38,0,0,3,Business,No,No,382,App,False,DOMESTIC_STATIC,0,0
ACC00245,EEMNM5184P,Ritu Desai,1997-06-14,2177,CARD_WALLET,Full KYC,DL,Delhi,IN,DEV-7A0CD5716A,18,48509.01,5848.03,188272.17,0,0,2,Retired,No,No,0,Web,False,DOMESTIC_TRAVELLER,2,0
ACC00246,RGOIE7587R,Rahul Verma,1980-02-15,605,CARD_WALLET,Full KYC,TG,Hyderabad,IN,DEV-E72711C8F5,21,39768.69,2790.05,163235.71,0,0,3,Business,No,No,0,Branch,False,DOMESTIC_TRAVELLER,0,0
ACC00247,CYLBA6187K,Rahul Nair,1973-10-17,1554,CARD_WALLET,Full KYC,UP,Lucknow,IN,DEV-34EC70ACC6,9,31289.34,3446.39,233894.68,0,0,1,Student,No,No,0,Branch,False,DOMESTIC_STATIC,3,1
ACC00248,LXPAP9510O,Rohan Singh,1982-11-04,1994,CARD_WALLET,Full KYC,WB,Kolkata,IN,DEV-0CE2916F6A,14,33203.38,1027.45,232397.13,0,0,3,Salaried,No,No,0,Web,False,DOMESTIC_STATIC,0,0
ACC00249,DROSX8177I,Rajesh Kapoor,2000-05-26,2205,CARD_WALLET,Full KYC,WB,Kolkata,IN,DEV-8A2745C271,5,26740.75,1401.49,120488.23,0,0,3,Retired,No,No,0,Branch,False,INTERNATIONAL_FREQUENT,0,0
ACC00250,PGLOR4584S,Saanvi Malhotra,1975-10-16,2278,CARD_WALLET,Full KYC,RJ,Jaipur,IN,DEV-3178A41FEC,4,49629.82,3244.87,131705.51,0,0,1,Salaried,No,No,240,Web,False,DOMESTIC_STATIC,0,0
ACC00251,FXWYN1830I,Kavya Chatterjee,1991-04-09,860,CARD_WALLET,Full KYC,TG,Hyderabad,IN,DEV-223029066C,10,45269.53,7430.95,119878.11,0,0,2,Student,No,No,0,App,False,DOMESTIC_STATIC,0,1
ACC00252,VUWXV6261P,Rohan Desai,1979-07-13,1644,CARD_WALLET,Full KYC,GJ,Ahmedabad,IN,DEV-D7344EFA72,16,14233.04,7248.43,70272.61,0,0,1,Student,No,No,0,Branch,False,DOMESTIC_TRAVELLER,0,0
ACC00253,NLPGW9997N,Meera Malhotra,2003-07-19,89,CARD_WALLET,Full KYC,UP,Lucknow,IN,DEV-866830642A,3,3068.77,6029.32,226570.85,0,0,3,Retired,No,No,0,App,False,DOMESTIC_TRAVELLER,0,0
ACC00254,FNVDK5985Y,Ishaan Patel,1989-06-08,2005,CARD_WALLET,Full KYC,KA,Bengaluru,IN,DEV-91824EBBD8,3,47809.36,855.93,44350.75,0,0,3,Retired,No,No,0,App,False,DOMESTIC_STATIC,0,0
ACC00255,ELGKN3606B,Riya Nair,2003-01-15,439,CARD_WALLET,Full KYC,TN,Chennai,IN,DEV-27FABFF9CF,7,30770.45,5675.95,184061.6,0,0,1,Student,No,No,0,Web,False,DOMESTIC_STATIC,0,0
ACC00256,LLQTZ8686W,Rahul Sharma,1966-10-08,1373,CARD_WALLET,Full KYC,DL,Delhi,IN,DEV-74BC9CA960,6,27854.03,5219.62,282150.91,0,0,1,Retired,No,No,0,App,False,DOMESTIC_STATIC,0,0
ACC00257,GZSGS4420F,Sneha Nair,1997-10-28,1947,CARD_WALLET,Full KYC,RJ,Jaipur,IN,DEV-F6F5846D57,16,57076.35,6846.8,298925.73,0,0,2,Salaried,No,No,0,Branch,False,INTERNATIONAL_FREQUENT,0,0
ACC00258,ACBDD5799C,Sai Bose,1965-06-13,8,CARD_WALLET,Full KYC,TN,Chennai,IN,DEV-CBDFF63922,12,48917.23,4035.9,214441.16,0,0,2,Retired,No,No,0,Web,False,DOMESTIC_TRAVELLER,1,0
ACC00259,FHFFX4451H,Ananya Reddy,1998-06-15,1133,CARD_WALLET,Full KYC,GJ,Ahmedabad,IN,DEV-63C58F79B3,12,3940.7,4681.1,246639.88,0,0,2,Salaried,No,No,0,App,False,INTERNATIONAL_FREQUENT,1,0
