tx_id,is_fraud_risk,label,correct_action,fraud_posture,split
TX000001,0,legitimate,NONE,n/a,holdout
TX000002,0,legitimate,NONE,n/a,holdout
TX000003,0,legitimate,NONE,n/a,train
TX000004,0,legitimate,NONE,n/a,train
TX000005,0,legitimate,NONE,n/a,train
TX000006,0,merchant_error,CONCEDE_AND_FLAG_INTERNALLY,n/a,train
TX000007,0,merchant_error,CONCEDE_AND_FLAG_INTERNALLY,n/a,train
TX000008,0,legitimate,NONE,n/a,train
TX000009,0,legitimate,NONE,n/a,train
TX000010,1,friendly_fraud,CONTEST_WITH_EVIDENCE,n/a,holdout
TX000011,0,legitimate,NONE,n/a,holdout
TX000012,0,legitimate,NONE,n/a,holdout
TX000013,0,legitimate,NONE,n/a,train
TX000014,1,true_fraud,CONCEDE,obvious,train
TX000015,0,merchant_error,CONCEDE_AND_FLAG_INTERNALLY,n/a,train
TX000016,0,legitimate,NONE,n/a,train
TX000017,0,legitimate,NONE,n/a,train
TX000018,0,legitimate,NONE,n/a,train
TX000019,1,friendly_fraud,CONTEST_WITH_EVIDENCE,n/a,train
TX000020,0,legitimate,NONE,n/a,holdout
TX000021,1,true_fraud,CONCEDE,subtle_drain,holdout
TX000022,0,legitimate,NONE,n/a,holdout
TX000023,0,legitimate,NONE,n/a,train
TX000024,0,legitimate,NONE,n/a,train
TX000025,1,friendly_fraud,CONTEST_WITH_EVIDENCE,n/a,train
TX000026,0,legitimate,NONE,n/a,train
TX000027,0,legitimate,NONE,n/a,train
TX000028,0,legitimate,NONE,n/a,train
TX000029,0,legitimate,NONE,n/a,train
TX000030,0,legitimate,NONE,n/a,holdout
TX000031,1,true_fraud,CONCEDE,subtle_blend,holdout
TX000032,0,legitimate,NONE,n/a,holdout
TX000033,0,merchant_error,CONCEDE_AND_FLAG_INTERNALLY,n/a,train
TX000034,0,legitimate,NONE,n/a,train
TX000035,0,legitimate,NONE,n/a,train
TX000036,1,true_fraud,CONCEDE,obvious,train
TX000037,0,legitimate,NONE,n/a,train
TX000038,0,legitimate,NONE,n/a,train
TX000039,0,legitimate,NONE,n/a,train
TX000040,0,legitimate,NONE,n/a,holdout
TX000041,0,legitimate,NONE,n/a,holdout
TX000042,1,true_fraud,CONCEDE,obvious,holdout
TX000043,0,merchant_error,CONCEDE_AND_FLAG_INTERNALLY,n/a,train
TX000044,0,legitimate,NONE,n/a,train
TX000045,1,true_fraud,CONCEDE,obvious,train
TX000046,0,merchant_error,CONCEDE_AND_FLAG_INTERNALLY,n/a,train
TX000047,0,legitimate,NONE,n/a,train
TX000048,1,true_fraud,CONCEDE,obvious,train
TX000049,0,legitimate,NONE,n/a,train
TX000050,0,legitimate,NONE,n/a,holdout
TX000051,0,legitimate,NONE,n/a,holdout
TX000052,0,legitimate,NONE,n/a,holdout
TX000053,1,friendly_fraud,CONTEST_WITH_EVIDENCE,n/a,train
TX000054,1,true_fraud,CONCEDE,obvious,train
TX000055,0,legitimate,NONE,n/a,train
TX000056,0,legitimate,NONE,n/a,train
TX000057,0,merchant_error,CONCEDE_AND_FLAG_INTERNALLY,n/a,train
TX000058,0,legitimate,NONE,n/a,train
TX000059,0,legitimate,NONE,n/a,train
TX000060,0,legitimate,NONE,n/a,holdout
TX000061,0,legitimate,NONE,n/a,holdout
TX000062,0,legitimate,NONE,n/a,holdout
TX000063,0,legitimate,NONE,n/a,train
TX000064,0,legitimate,NONE,n/a,train
TX000065,0,legitimate,NONE,n/a,train
TX000066,1,friendly_fraud,CONTEST_WITH_EVIDENCE,n/a,train
TX000067,0,legitimate,NONE,n/a,train
TX000068,0,legitimate,NONE,n/a,train
TX000069,0,legitimate,NONE,n/a,train
TX000070,0,legitimate,NONE,n/a,holdout
TX000071,0,legitimate,NONE,n/a,holdout
TX000072,1,true_fraud,CONCEDE,subtle_blend,holdout
TX000073,0,legitimate,NONE,n/a,train
TX000074,0,legitimate,NONE,n/a,train
TX000075,0,legitimate,NONE,n/a,train
TX000076,0,legitimate,NONE,n/a,train
TX000077,0,legitimate,NONE,n/a,train
TX000078,0,legitimate,NONE,n/a,train
TX000079,0,legitimate,NONE,n/a,train
TX000080,0,legitimate,NONE,n/a,holdout
TX000081,0,legitimate,NONE,n/a,holdout
TX000082,1,true_fraud,CONCEDE,subtle_blend,holdout
TX000083,0,legitimate,NONE,n/a,train
TX000084,1,friendly_fraud,CONTEST_WITH_EVIDENCE,n/a,train
TX000085,0,legitimate,NONE,n/a,train
TX000086,0,legitimate,NONE,n/a,train
TX000087,0,legitimate,NONE,n/a,train
TX000088,0,legitimate,NONE,n/a,train
TX000089,0,legitimate,NONE,n/a,train
TX000090,0,legitimate,NONE,n/a,holdout
TX000091,0,legitimate,NONE,n/a,holdout
TX000092,0,legitimate,NONE,n/a,holdout
TX000093,1,true_fraud,CONCEDE,subtle_drain,train
TX000094,0,legitimate,NONE,n/a,train
TX000095,0,legitimate,NONE,n/a,train
TX000096,0,legitimate,NONE,n/a,train
TX000097,1,true_fraud,CONCEDE,obvious,train
TX000098,1,friendly_fraud,CONTEST_WITH_EVIDENCE,n/a,train
TX000099,0,legitimate,NONE,n/a,train
TX000100,0,legitimate,NONE,n/a,holdout
TX000101,0,legitimate,NONE,n/a,holdout
TX000102,0,legitimate,NONE,n/a,holdout
TX000103,0,legitimate,NONE,n/a,train
TX000104,0,legitimate,NONE,n/a,train
TX000105,0,legitimate,NONE,n/a,train
TX000106,0,merchant_error,CONCEDE_AND_FLAG_INTERNALLY,n/a,train
TX000107,0,legitimate,NONE,n/a,train
TX000108,0,legitimate,NONE,n/a,train
TX000109,0,legitimate,NONE,n/a,train
TX000110,0,legitimate,NONE,n/a,holdout
TX000111,0,legitimate,NONE,n/a,holdout
TX000112,0,legitimate,NONE,n/a,holdout
TX000113,0,legitimate,NONE,n/a,train
TX000114,0,legitimate,NONE,n/a,train
TX000115,0,legitimate,NONE,n/a,train
TX000116,0,legitimate,NONE,n/a,train
TX000117,0,legitimate,NONE,n/a,train
TX000118,1,true_fraud,CONCEDE,obvious,train
TX000119,0,merchant_error,CONCEDE_AND_FLAG_INTERNALLY,n/a,train
TX000120,0,legitimate,NONE,n/a,holdout
TX000121,1,friendly_fraud,CONTEST_WITH_EVIDENCE,n/a,holdout
TX000122,1,friendly_fraud,CONTEST_WITH_EVIDENCE,n/a,holdout
TX000123,0,legitimate,NONE,n/a,train
TX000124,0,legitimate,NONE,n/a,train
TX000125,0,legitimate,NONE,n/a,train
TX000126,0,legitimate,NONE,n/a,train
TX000127,0,legitimate,NONE,n/a,train
TX000128,0,legitimate,NONE,n/a,train
TX000129,0,legitimate,NONE,n/a,train
TX000130,0,merchant_error,CONCEDE_AND_FLAG_INTERNALLY,n/a,holdout
TX000131,0,legitimate,NONE,n/a,holdout
TX000132,1,true_fraud,CONCEDE,subtle_blend,holdout
TX000133,0,legitimate,NONE,n/a,train
TX000134,1,friendly_fraud,CONTEST_WITH_EVIDENCE,n/a,train
TX000135,0,legitimate,NONE,n/a,train
TX000136,0,merchant_error,CONCEDE_AND_FLAG_INTERNALLY,n/a,train
TX000137,0,legitimate,NONE,n/a,train
TX000138,0,legitimate,NONE,n/a,train
TX000139,0,legitimate,NONE,n/a,train
TX000140,0,legitimate,NONE,n/a,holdout
TX000141,0,legitimate,NONE,n/a,holdout
TX000142,0,legitimate,NONE,n/a,holdout
TX000143,0,legitimate,NONE,n/a,train
TX000144,0,legitimate,NONE,n/a,train
TX000145,0,merchant_error,CONCEDE_AND_FLAG_INTERNALLY,n/a,train
TX000146,0,legitimate,NONE,n/a,train
TX000147,0,legitimate,NONE,n/a,train
TX000148,0,legitimate,NONE,n/a,train
TX000149,0,legitimate,NONE,n/a,train
TX000150,1,true_fraud,CONCEDE,subtle_blend,holdout
TX000151,1,true_fraud,CONCEDE,obvious,holdout
TX000152,0,merchant_error,CONCEDE_AND_FLAG_INTERNALLY,n/a,holdout
TX000153,0,legitimate,NONE,n/a,train
TX000154,0,legitimate,NONE,n/a,train
TX000155,0,merchant_error,CONCEDE_AND_FLAG_INTERNALLY,n/a,train
TX000156,1,friendly_fraud,CONTEST_WITH_EVIDENCE,n/a,train
TX000157,0,legitimate,NONE,n/a,train
TX000158,0,legitimate,NONE,n/a,train
TX000159,0,legitimate,NONE,n/a,train
TX000160,1,true_fraud,CONCEDE,obvious,holdout
TX000161,1,true_fraud,CONCEDE,obvious,holdout
TX000162,0,legitimate,NONE,n/a,holdout
TX000163,0,legitimate,NONE,n/a,train
TX000164,0,legitimate,NONE,n/a,train
TX000165,0,legitimate,NONE,n/a,train
TX000166,0,legitimate,NONE,n/a,train
TX000167,0,legitimate,NONE,n/a,train
TX000168,0,legitimate,NONE,n/a,train
TX000169,1,friendly_fraud,CONTEST_WITH_EVIDENCE,n/a,train
TX000170,0,merchant_error,CONCEDE_AND_FLAG_INTERNALLY,n/a,holdout
TX000171,0,legitimate,NONE,n/a,holdout
TX000172,0,legitimate,NONE,n/a,holdout
TX000173,0,legitimate,NONE,n/a,train
TX000174,0,legitimate,NONE,n/a,train
TX000175,1,true_fraud,CONCEDE,obvious,train
TX000176,0,legitimate,NONE,n/a,train
TX000177,0,legitimate,NONE,n/a,train
TX000178,0,legitimate,NONE,n/a,train
TX000179,1,friendly_fraud,CONTEST_WITH_EVIDENCE,n/a,train
TX000180,0,legitimate,NONE,n/a,holdout
TX000181,0,legitimate,NONE,n/a,holdout
TX000182,0,legitimate,NONE,n/a,holdout
TX000183,0,legitimate,NONE,n/a,train
TX000184,0,legitimate,NONE,n/a,train
TX000185,0,legitimate,NONE,n/a,train
TX000186,0,legitimate,NONE,n/a,train
TX000187,0,legitimate,NONE,n/a,train
TX000188,0,legitimate,NONE,n/a,train
TX000189,0,legitimate,NONE,n/a,train
TX000190,0,legitimate,NONE,n/a,holdout
TX000191,0,legitimate,NONE,n/a,holdout
TX000192,0,legitimate,NONE,n/a,holdout
TX000193,1,true_fraud,CONCEDE,subtle_blend,train
TX000194,0,legitimate,NONE,n/a,train
TX000195,1,friendly_fraud,CONTEST_WITH_EVIDENCE,n/a,train
TX000196,0,legitimate,NONE,n/a,train
TX000197,0,legitimate,NONE,n/a,train
TX000198,0,legitimate,NONE,n/a,train
TX000199,1,friendly_fraud,CONTEST_WITH_EVIDENCE,n/a,train
TX000200,1,friendly_fraud,CONTEST_WITH_EVIDENCE,n/a,holdout
TX000201,0,legitimate,NONE,n/a,holdout
TX000202,1,friendly_fraud,CONTEST_WITH_EVIDENCE,n/a,holdout
TX000203,0,legitimate,NONE,n/a,train
TX000204,0,legitimate,NONE,n/a,train
TX000205,0,legitimate,NONE,n/a,train
TX000206,0,legitimate,NONE,n/a,train
TX000207,0,legitimate,NONE,n/a,train
TX000208,0,legitimate,NONE,n/a,train
TX000209,0,legitimate,NONE,n/a,train
TX000210,0,legitimate,NONE,n/a,holdout
TX000211,0,legitimate,NONE,n/a,holdout
TX000212,0,legitimate,NONE,n/a,holdout
TX000213,0,legitimate,NONE,n/a,train
TX000214,1,friendly_fraud,CONTEST_WITH_EVIDENCE,n/a,train
TX000215,0,merchant_error,CONCEDE_AND_FLAG_INTERNALLY,n/a,train
TX000216,0,legitimate,NONE,n/a,train
TX000217,0,legitimate,NONE,n/a,train
TX000218,0,legitimate,NONE,n/a,train
TX000219,1,friendly_fraud,CONTEST_WITH_EVIDENCE,n/a,train
TX000220,0,legitimate,NONE,n/a,holdout
TX000221,0,legitimate,NONE,n/a,holdout
TX000222,0,legitimate,NONE,n/a,holdout
TX000223,0,legitimate,NONE,n/a,train
TX000224,0,legitimate,NONE,n/a,train
TX000225,0,legitimate,NONE,n/a,train
TX000226,0,legitimate,NONE,n/a,train
TX000227,0,legitimate,NONE,n/a,train
TX000228,0,merchant_error,CONCEDE_AND_FLAG_INTERNALLY,n/a,train
TX000229,0,legitimate,NONE,n/a,train
TX000230,0,legitimate,NONE,n/a,holdout
TX000231,0,legitimate,NONE,n/a,holdout
TX000232,0,legitimate,NONE,n/a,holdout
TX000233,0,legitimate,NONE,n/a,train
TX000234,0,legitimate,NONE,n/a,train
TX000235,0,legitimate,NONE,n/a,train
TX000236,0,legitimate,NONE,n/a,train
TX000237,0,legitimate,NONE,n/a,train
TX000238,1,friendly_fraud,CONTEST_WITH_EVIDENCE,n/a,train
TX000239,0,legitimate,NONE,n/a,train
TX000240,0,legitimate,NONE,n/a,holdout
TX000241,1,true_fraud,CONCEDE,subtle_blend,holdout
TX000242,0,legitimate,NONE,n/a,holdout
TX000243,0,legitimate,NONE,n/a,train
TX000244,0,legitimate,NONE,n/a,train
TX000245,0,legitimate,NONE,n/a,train
TX000246,0,legitimate,NONE,n/a,train
TX000247,1,true_fraud,CONCEDE,subtle_blend,train
TX000248,1,true_fraud,CONCEDE,obvious,train
TX000249,0,legitimate,NONE,n/a,train
TX000250,0,legitimate,NONE,n/a,holdout
TX000251,0,legitimate,NONE,n/a,holdout
TX000252,0,legitimate,NONE,n/a,holdout
TX000253,1,true_fraud,CONCEDE,obvious,train
TX000254,0,legitimate,NONE,n/a,train
TX000255,0,legitimate,NONE,n/a,train
TX000256,1,true_fraud,CONCEDE,subtle_blend,train
TX000257,0,legitimate,NONE,n/a,train
TX000258,0,legitimate,NONE,n/a,train
TX000259,0,legitimate,NONE,n/a,train
TX000260,0,merchant_error,CONCEDE_AND_FLAG_INTERNALLY,n/a,holdout
TX000261,0,legitimate,NONE,n/a,holdout
TX000262,0,merchant_error,CONCEDE_AND_FLAG_INTERNALLY,n/a,holdout
TX000263,0,legitimate,NONE,n/a,train
TX000264,0,legitimate,NONE,n/a,train
TX000265,1,friendly_fraud,CONTEST_WITH_EVIDENCE,n/a,train
TX000266,1,true_fraud,CONCEDE,obvious,train
TX000267,0,legitimate,NONE,n/a,train
TX000268,1,friendly_fraud,CONTEST_WITH_EVIDENCE,n/a,train
TX000269,0,legitimate,NONE,n/a,train
TX000270,0,legitimate,NONE,n/a,holdout
TX000271,0,legitimate,NONE,n/a,holdout
TX000272,0,legitimate,NONE,n/a,holdout
TX000273,0,legitimate,NONE,n/a,train
TX000274,1,true_fraud,CONCEDE,subtle_blend,train
TX000275,1,true_fraud,CONCEDE,obvious,train
TX000276,1,friendly_fraud,CONTEST_WITH_EVIDENCE,n/a,train
TX000277,0,legitimate,NONE,n/a,train
TX000278,0,legitimate,NONE,n/a,train
TX000279,0,legitimate,NONE,n/a,train
TX000280,0,legitimate,NONE,n/a,holdout
TX000281,0,legitimate,NONE,n/a,holdout
TX000282,0,merchant_error,CONCEDE_AND_FLAG_INTERNALLY,n/a,holdout
TX000283,0,merchant_error,CONCEDE_AND_FLAG_INTERNALLY,n/a,train
TX000284,0,legitimate,NONE,n/a,train
TX000285,0,legitimate,NONE,n/a,train
TX000286,0,legitimate,NONE,n/a,train
TX000287,0,legitimate,NONE,n/a,train
TX000288,0,legitimate,NONE,n/a,train
TX000289,1,friendly_fraud,CONTEST_WITH_EVIDENCE,n/a,train
TX000290,0,merchant_error,CONCEDE_AND_FLAG_INTERNALLY,n/a,holdout
TX000291,0,legitimate,NONE,n/a,holdout
TX000292,1,true_fraud,CONCEDE,obvious,holdout
TX000293,0,legitimate,NONE,n/a,train
TX000294,0,merchant_error,CONCEDE_AND_FLAG_INTERNALLY,n/a,train
TX000295,1,friendly_fraud,CONTEST_WITH_EVIDENCE,n/a,train
TX000296,0,legitimate,NONE,n/a,train
TX000297,0,legitimate,NONE,n/a,train
TX000298,0,legitimate,NONE,n/a,train
TX000299,0,legitimate,NONE,n/a,train
TX000300,0,legitimate,NONE,n/a,holdout
TX000301,0,legitimate,NONE,n/a,holdout
TX000302,1,true_fraud,CONCEDE,obvious,holdout
TX000303,0,merchant_error,CONCEDE_AND_FLAG_INTERNALLY,n/a,train
TX000304,0,merchant_error,CONCEDE_AND_FLAG_INTERNALLY,n/a,train
TX000305,0,legitimate,NONE,n/a,train
TX000306,0,legitimate,NONE,n/a,train
TX000307,1,friendly_fraud,CONTEST_WITH_EVIDENCE,n/a,train
TX000308,0,legitimate,NONE,n/a,train
TX000309,1,friendly_fraud,CONTEST_WITH_EVIDENCE,n/a,train
TX000310,0,legitimate,NONE,n/a,holdout
TX000311,1,true_fraud,CONCEDE,subtle_blend,holdout
TX000312,0,legitimate,NONE,n/a,holdout
TX000313,0,legitimate,NONE,n/a,train
TX000314,0,legitimate,NONE,n/a,train
TX000315,0,legitimate,NONE,n/a,train
TX000316,1,friendly_fraud,CONTEST_WITH_EVIDENCE,n/a,train
TX000317,0,legitimate,NONE,n/a,train
TX000318,0,legitimate,NONE,n/a,train
TX000319,0,legitimate,NONE,n/a,train
TX000320,0,legitimate,NONE,n/a,holdout
TX000321,0,legitimate,NONE,n/a,holdout
TX000322,0,legitimate,NONE,n/a,holdout
TX000323,1,true_fraud,CONCEDE,subtle_blend,train
TX000324,0,legitimate,NONE,n/a,train
TX000325,0,legitimate,NONE,n/a,train
TX000326,0,legitimate,NONE,n/a,train
TX000327,0,legitimate,NONE,n/a,train
TX000328,0,legitimate,NONE,n/a,train
TX000329,0,legitimate,NONE,n/a,train
TX000330,0,legitimate,NONE,n/a,holdout
TX000331,0,legitimate,NONE,n/a,holdout
TX000332,1,friendly_fraud,CONTEST_WITH_EVIDENCE,n/a,holdout
TX000333,0,legitimate,NONE,n/a,train
TX000334,0,legitimate,NONE,n/a,train
TX000335,0,legitimate,NONE,n/a,train
TX000336,0,legitimate,NONE,n/a,train
TX000337,0,legitimate,NONE,n/a,train
TX000338,0,legitimate,NONE,n/a,train
TX000339,0,legitimate,NONE,n/a,train
TX000340,0,legitimate,NONE,n/a,holdout
TX000341,0,legitimate,NONE,n/a,holdout
TX000342,0,legitimate,NONE,n/a,holdout
TX000343,0,legitimate,NONE,n/a,train
TX000344,0,legitimate,NONE,n/a,train
TX000345,0,legitimate,NONE,n/a,train
TX000346,1,friendly_fraud,CONTEST_WITH_EVIDENCE,n/a,train
TX000347,0,legitimate,NONE,n/a,train
TX000348,0,legitimate,NONE,n/a,train
TX000349,0,legitimate,NONE,n/a,train
TX000350,0,merchant_error,CONCEDE_AND_FLAG_INTERNALLY,n/a,holdout
TX000351,0,legitimate,NONE,n/a,holdout
TX000352,0,legitimate,NONE,n/a,holdout
TX000353,0,legitimate,NONE,n/a,train
TX000354,1,true_fraud,CONCEDE,obvious,train
TX000355,1,friendly_fraud,CONTEST_WITH_EVIDENCE,n/a,train
TX000356,0,legitimate,NONE,n/a,train
TX000357,0,merchant_error,CONCEDE_AND_FLAG_INTERNALLY,n/a,train
TX000358,0,legitimate,NONE,n/a,train
TX000359,1,friendly_fraud,CONTEST_WITH_EVIDENCE,n/a,train
TX000360,0,legitimate,NONE,n/a,holdout
TX000361,0,legitimate,NONE,n/a,holdout
TX000362,0,merchant_error,CONCEDE_AND_FLAG_INTERNALLY,n/a,holdout
TX000363,0,legitimate,NONE,n/a,train
TX000364,0,legitimate,NONE,n/a,train
TX000365,0,merchant_error,CONCEDE_AND_FLAG_INTERNALLY,n/a,train
TX000366,1,true_fraud,CONCEDE,subtle_blend,train
TX000367,0,legitimate,NONE,n/a,train
TX000368,0,legitimate,NONE,n/a,train
TX000369,1,true_fraud,CONCEDE,obvious,train
TX000370,0,legitimate,NONE,n/a,holdout
TX000371,0,legitimate,NONE,n/a,holdout
TX000372,0,legitimate,NONE,n/a,holdout
TX000373,0,legitimate,NONE,n/a,train
TX000374,0,merchant_error,CONCEDE_AND_FLAG_INTERNALLY,n/a,train
TX000375,0,legitimate,NONE,n/a,train
TX000376,0,legitimate,NONE,n/a,train
TX000377,1,true_fraud,CONCEDE,obvious,train
TX000378,0,merchant_error,CONCEDE_AND_FLAG_INTERNALLY,n/a,train
TX000379,0,legitimate,NONE,n/a,train
TX000380,0,legitimate,NONE,n/a,holdout
TX000381,0,legitimate,NONE,n/a,holdout
TX000382,0,legitimate,NONE,n/a,holdout
TX000383,0,legitimate,NONE,n/a,train
TX000384,0,legitimate,NONE,n/a,train
TX000385,1,true_fraud,CONCEDE,obvious,train
TX000386,0,legitimate,NONE,n/a,train
TX000387,0,legitimate,NONE,n/a,train
TX000388,0,legitimate,NONE,n/a,train
TX000389,0,legitimate,NONE,n/a,train
TX000390,1,friendly_fraud,CONTEST_WITH_EVIDENCE,n/a,holdout
TX000391,0,legitimate,NONE,n/a,holdout
TX000392,0,legitimate,NONE,n/a,holdout
TX000393,0,legitimate,NONE,n/a,train
TX000394,0,legitimate,NONE,n/a,train
TX000395,0,legitimate,NONE,n/a,train
TX000396,1,friendly_fraud,CONTEST_WITH_EVIDENCE,n/a,train
TX000397,0,legitimate,NONE,n/a,train
TX000398,1,friendly_fraud,CONTEST_WITH_EVIDENCE,n/a,train
TX000399,0,legitimate,NONE,n/a,train
TX000400,0,legitimate,NONE,n/a,holdout
TX000401,0,merchant_error,CONCEDE_AND_FLAG_INTERNALLY,n/a,holdout
TX000402,0,legitimate,NONE,n/a,holdout
TX000403,0,legitimate,NONE,n/a,train
TX000404,0,legitimate,NONE,n/a,train
TX000405,1,true_fraud,CONCEDE,subtle_blend,train
TX000406,0,legitimate,NONE,n/a,train
TX000407,0,legitimate,NONE,n/a,train
TX000408,0,legitimate,NONE,n/a,train
TX000409,0,legitimate,NONE,n/a,train
TX000410,1,friendly_fraud,CONTEST_WITH_EVIDENCE,n/a,holdout
TX000411,0,legitimate,NONE,n/a,holdout
TX000412,0,legitimate,NONE,n/a,holdout
TX000413,1,true_fraud,CONCEDE,subtle_blend,train
TX000414,1,true_fraud,CONCEDE,obvious,train
TX000415,1,true_fraud,CONCEDE,obvious,train
TX000416,0,merchant_error,CONCEDE_AND_FLAG_INTERNALLY,n/a,train
TX000417,0,legitimate,NONE,n/a,train
TX000418,0,legitimate,NONE,n/a,train
TX000419,0,legitimate,NONE,n/a,train
TX000420,0,legitimate,NONE,n/a,holdout
TX000421,0,legitimate,NONE,n/a,holdout
TX000422,0,merchant_error,CONCEDE_AND_FLAG_INTERNALLY,n/a,holdout
TX000423,0,legitimate,NONE,n/a,train
TX000424,0,legitimate,NONE,n/a,train
TX000425,0,legitimate,NONE,n/a,train
TX000426,0,legitimate,NONE,n/a,train
TX000427,1,true_fraud,CONCEDE,obvious,train
TX000428,1,true_fraud,CONCEDE,subtle_drain,train
TX000429,0,legitimate,NONE,n/a,train
TX000430,0,legitimate,NONE,n/a,holdout
TX000431,0,legitimate,NONE,n/a,holdout
TX000432,0,legitimate,NONE,n/a,holdout
TX000433,0,legitimate,NONE,n/a,train
TX000434,0,legitimate,NONE,n/a,train
TX000435,0,legitimate,NONE,n/a,train
TX000436,0,legitimate,NONE,n/a,train
TX000437,0,legitimate,NONE,n/a,train
TX000438,1,friendly_fraud,CONTEST_WITH_EVIDENCE,n/a,train
TX000439,0,legitimate,NONE,n/a,train
TX000440,0,legitimate,NONE,n/a,holdout
TX000441,0,legitimate,NONE,n/a,holdout
TX000442,0,legitimate,NONE,n/a,holdout
TX000443,0,legitimate,NONE,n/a,train
TX000444,0,legitimate,NONE,n/a,train
TX000445,0,legitimate,NONE,n/a,train
TX000446,0,legitimate,NONE,n/a,train
TX000447,0,legitimate,NONE,n/a,train
TX000448,1,friendly_fraud,CONTEST_WITH_EVIDENCE,n/a,train
TX000449,0,legitimate,NONE,n/a,train
TX000450,0,legitimate,NONE,n/a,holdout
TX000451,0,legitimate,NONE,n/a,holdout
TX000452,0,legitimate,NONE,n/a,holdout
TX000453,0,legitimate,NONE,n/a,train
TX000454,0,legitimate,NONE,n/a,train
TX000455,0,merchant_error,CONCEDE_AND_FLAG_INTERNALLY,n/a,train
TX000456,0,legitimate,NONE,n/a,train
TX000457,1,friendly_fraud,CONTEST_WITH_EVIDENCE,n/a,train
TX000458,1,true_fraud,CONCEDE,obvious,train
TX000459,0,legitimate,NONE,n/a,train
TX000460,0,legitimate,NONE,n/a,holdout
TX000461,0,legitimate,NONE,n/a,holdout
TX000462,1,true_fraud,CONCEDE,subtle_blend,holdout
TX000463,0,legitimate,NONE,n/a,train
TX000464,0,legitimate,NONE,n/a,train
TX000465,0,merchant_error,CONCEDE_AND_FLAG_INTERNALLY,n/a,train
TX000466,0,legitimate,NONE,n/a,train
TX000467,0,merchant_error,CONCEDE_AND_FLAG_INTERNALLY,n/a,train
TX000468,0,legitimate,NONE,n/a,train
TX000469,1,friendly_fraud,CONTEST_WITH_EVIDENCE,n/a,train
TX000470,0,legitimate,NONE,n/a,holdout
TX000471,0,legitimate,NONE,n/a,holdout
TX000472,1,friendly_fraud,CONTEST_WITH_EVIDENCE,n/a,holdout
TX000473,0,legitimate,NONE,n/a,train
TX000474,0,legitimate,NONE,n/a,train
TX000475,0,legitimate,NONE,n/a,train
TX000476,0,legitimate,NONE,n/a,train
TX000477,0,legitimate,NONE,n/a,train
TX000478,0,legitimate,NONE,n/a,train
TX000479,1,friendly_fraud,CONTEST_WITH_EVIDENCE,n/a,train
TX000480,0,legitimate,NONE,n/a,holdout
TX000481,0,legitimate,NONE,n/a,holdout
TX000482,0,legitimate,NONE,n/a,holdout
TX000483,0,legitimate,NONE,n/a,train
TX000484,0,legitimate,NONE,n/a,train
TX000485,0,legitimate,NONE,n/a,train
TX000486,0,legitimate,NONE,n/a,train
TX000487,0,legitimate,NONE,n/a,train
TX000488,0,legitimate,NONE,n/a,train
TX000489,0,legitimate,NONE,n/a,train
TX000490,0,legitimate,NONE,n/a,holdout
TX000491,0,legitimate,NONE,n/a,holdout
TX000492,1,friendly_fraud,CONTEST_WITH_EVIDENCE,n/a,holdout
TX000493,0,merchant_error,CONCEDE_AND_FLAG_INTERNALLY,n/a,train
TX000494,0,legitimate,NONE,n/a,train
TX000495,0,legitimate,NONE,n/a,train
TX000496,0,legitimate,NONE,n/a,train
TX000497,1,friendly_fraud,CONTEST_WITH_EVIDENCE,n/a,train
TX000498,0,legitimate,NONE,n/a,train
TX000499,0,legitimate,NONE,n/a,train
TX000500,0,legitimate,NONE,n/a,holdout
TX000501,0,legitimate,NONE,n/a,holdout
TX000502,0,merchant_error,CONCEDE_AND_FLAG_INTERNALLY,n/a,holdout
TX000503,0,merchant_error,CONCEDE_AND_FLAG_INTERNALLY,n/a,train
TX000504,1,friendly_fraud,CONTEST_WITH_EVIDENCE,n/a,train
TX000505,0,legitimate,NONE,n/a,train
TX000506,1,friendly_fraud,CONTEST_WITH_EVIDENCE,n/a,train
TX000507,0,merchant_error,CONCEDE_AND_FLAG_INTERNALLY,n/a,train
TX000508,0,merchant_error,CONCEDE_AND_FLAG_INTERNALLY,n/a,train
TX000509,0,legitimate,NONE,n/a,train
TX000510,1,friendly_fraud,CONTEST_WITH_EVIDENCE,n/a,holdout
TX000511,0,legitimate,NONE,n/a,holdout
TX000512,0,legitimate,NONE,n/a,holdout
TX000513,0,legitimate,NONE,n/a,train
TX000514,0,legitimate,NONE,n/a,train
TX000515,0,legitimate,NONE,n/a,train
TX000516,0,legitimate,NONE,n/a,train
TX000517,0,legitimate,NONE,n/a,train
TX000518,1,friendly_fraud,CONTEST_WITH_EVIDENCE,n/a,train
TX000519,1,friendly_fraud,CONTEST_WITH_EVIDENCE,n/a,train
TX000520,1,friendly_fraud,CONTEST_WITH_EVIDENCE,n/a,holdout
TX000521,0,legitimate,NONE,n/a,holdout
TX000522,0,merchant_error,CONCEDE_AND_FLAG_INTERNALLY,n/a,holdout
TX000523,0,legitimate,NONE,n/a,train
TX000524,0,legitimate,NONE,n/a,train
TX000525,0,legitimate,NONE,n/a,train
TX000526,0,legitimate,NONE,n/a,train
TX000527,0,legitimate,NONE,n/a,train
TX000528,1,friendly_fraud,CONTEST_WITH_EVIDENCE,n/a,train
TX000529,0,legitimate,NONE,n/a,train
TX000530,0,legitimate,NONE,n/a,holdout
TX000531,0,legitimate,NONE,n/a,holdout
TX000532,0,legitimate,NONE,n/a,holdout
TX000533,0,merchant_error,CONCEDE_AND_FLAG_INTERNALLY,n/a,train
TX000534,1,friendly_fraud,CONTEST_WITH_EVIDENCE,n/a,train
TX000535,0,legitimate,NONE,n/a,train
TX000536,0,legitimate,NONE,n/a,train
TX000537,0,legitimate,NONE,n/a,train
TX000538,1,friendly_fraud,CONTEST_WITH_EVIDENCE,n/a,train
TX000539,0,legitimate,NONE,n/a,train
TX000540,0,legitimate,NONE,n/a,holdout
TX000541,1,friendly_fraud,CONTEST_WITH_EVIDENCE,n/a,holdout
TX000542,0,legitimate,NONE,n/a,holdout
TX000543,0,legitimate,NONE,n/a,train
TX000544,1,friendly_fraud,CONTEST_WITH_EVIDENCE,n/a,train
TX000545,0,legitimate,NONE,n/a,train
TX000546,0,merchant_error,CONCEDE_AND_FLAG_INTERNALLY,n/a,train
TX000547,1,friendly_fraud,CONTEST_WITH_EVIDENCE,n/a,train
TX000548,1,friendly_fraud,CONTEST_WITH_EVIDENCE,n/a,train
TX000549,0,legitimate,NONE,n/a,train
TX000550,0,legitimate,NONE,n/a,holdout
TX000551,0,legitimate,NONE,n/a,holdout
TX000552,0,legitimate,NONE,n/a,holdout
TX000553,0,legitimate,NONE,n/a,train
TX000554,0,legitimate,NONE,n/a,train
TX000555,0,legitimate,NONE,n/a,train
TX000556,0,legitimate,NONE,n/a,train
TX000557,0,legitimate,NONE,n/a,train
TX000558,0,legitimate,NONE,n/a,train
TX000559,0,legitimate,NONE,n/a,train
TX000560,1,true_fraud,CONCEDE,subtle_blend,holdout
TX000561,1,friendly_fraud,CONTEST_WITH_EVIDENCE,n/a,holdout
TX000562,0,legitimate,NONE,n/a,holdout
TX000563,0,legitimate,NONE,n/a,train
TX000564,0,legitimate,NONE,n/a,train
TX000565,0,legitimate,NONE,n/a,train
TX000566,0,legitimate,NONE,n/a,train
TX000567,0,legitimate,NONE,n/a,train
TX000568,0,legitimate,NONE,n/a,train
TX000569,0,legitimate,NONE,n/a,train
TX000570,0,legitimate,NONE,n/a,holdout
TX000571,0,merchant_error,CONCEDE_AND_FLAG_INTERNALLY,n/a,holdout
TX000572,0,legitimate,NONE,n/a,holdout
TX000573,0,legitimate,NONE,n/a,train
TX000574,0,legitimate,NONE,n/a,train
TX000575,0,legitimate,NONE,n/a,train
TX000576,1,friendly_fraud,CONTEST_WITH_EVIDENCE,n/a,train
TX000577,1,friendly_fraud,CONTEST_WITH_EVIDENCE,n/a,train
TX000578,0,legitimate,NONE,n/a,train
TX000579,0,legitimate,NONE,n/a,train
TX000580,0,legitimate,NONE,n/a,holdout
TX000581,0,legitimate,NONE,n/a,holdout
TX000582,1,friendly_fraud,CONTEST_WITH_EVIDENCE,n/a,holdout
TX000583,0,legitimate,NONE,n/a,train
TX000584,0,legitimate,NONE,n/a,train
TX000585,0,legitimate,NONE,n/a,train
TX000586,0,legitimate,NONE,n/a,train
TX000587,0,legitimate,NONE,n/a,train
TX000588,0,legitimate,NONE,n/a,train
TX000589,0,merchant_error,CONCEDE_AND_FLAG_INTERNALLY,n/a,train
TX000590,1,true_fraud,CONCEDE,obvious,holdout
TX000591,0,merchant_error,CONCEDE_AND_FLAG_INTERNALLY,n/a,holdout
TX000592,0,legitimate,NONE,n/a,holdout
TX000593,0,legitimate,NONE,n/a,train
TX000594,0,legitimate,NONE,n/a,train
TX000595,0,legitimate,NONE,n/a,train
TX000596,1,friendly_fraud,CONTEST_WITH_EVIDENCE,n/a,train
TX000597,0,legitimate,NONE,n/a,train
TX000598,1,friendly_fraud,CONTEST_WITH_EVIDENCE,n/a,train
TX000599,0,legitimate,NONE,n/a,train
TX000600,1,friendly_fraud,CONTEST_WITH_EVIDENCE,n/a,holdout
TX000601,0,legitimate,NONE,n/a,holdout
TX000602,0,legitimate,NONE,n/a,holdout
TX000603,0,legitimate,NONE,n/a,train
TX000604,0,legitimate,NONE,n/a,train
TX000605,0,legitimate,NONE,n/a,train
TX000606,0,legitimate,NONE,n/a,train
TX000607,0,legitimate,NONE,n/a,train
TX000608,0,legitimate,NONE,n/a,train
TX000609,0,legitimate,NONE,n/a,train
TX000610,0,legitimate,NONE,n/a,holdout
TX000611,0,merchant_error,CONCEDE_AND_FLAG_INTERNALLY,n/a,holdout
TX000612,0,legitimate,NONE,n/a,holdout
TX000613,0,legitimate,NONE,n/a,train
TX000614,0,legitimate,NONE,n/a,train
TX000615,0,legitimate,NONE,n/a,train
TX000616,0,legitimate,NONE,n/a,train
TX000617,1,friendly_fraud,CONTEST_WITH_EVIDENCE,n/a,train
TX000618,0,legitimate,NONE,n/a,train
TX000619,0,legitimate,NONE,n/a,train
TX000620,0,legitimate,NONE,n/a,holdout
TX000621,0,legitimate,NONE,n/a,holdout
TX000622,1,true_fraud,CONCEDE,obvious,holdout
TX000623,0,legitimate,NONE,n/a,train
TX000624,0,legitimate,NONE,n/a,train
TX000625,0,legitimate,NONE,n/a,train
TX000626,0,legitimate,NONE,n/a,train
TX000627,0,legitimate,NONE,n/a,train
TX000628,0,legitimate,NONE,n/a,train
TX000629,0,legitimate,NONE,n/a,train
TX000630,0,merchant_error,CONCEDE_AND_FLAG_INTERNALLY,n/a,holdout
TX000631,1,friendly_fraud,CONTEST_WITH_EVIDENCE,n/a,holdout
TX000632,0,legitimate,NONE,n/a,holdout
TX000633,0,legitimate,NONE,n/a,train
TX000634,1,friendly_fraud,CONTEST_WITH_EVIDENCE,n/a,train
TX000635,0,legitimate,NONE,n/a,train
TX000636,1,true_fraud,CONCEDE,obvious,train
TX000637,0,legitimate,NONE,n/a,train
TX000638,0,legitimate,NONE,n/a,train
TX000639,0,legitimate,NONE,n/a,train
TX000640,0,legitimate,NONE,n/a,holdout
TX000641,0,merchant_error,CONCEDE_AND_FLAG_INTERNALLY,n/a,holdout
TX000642,0,legitimate,NONE,n/a,holdout
TX000643,1,friendly_fraud,CONTEST_WITH_EVIDENCE,n/a,train
TX000644,0,legitimate,NONE,n/a,train
TX000645,0,legitimate,NONE,n/a,train
TX000646,0,legitimate,NONE,n/a,train
TX000647,0,legitimate,NONE,n/a,train
TX000648,0,legitimate,NONE,n/a,train
TX000649,0,legitimate,NONE,n/a,train
TX000650,0,legitimate,NONE,n/a,holdout
TX000651,0,legitimate,NONE,n/a,holdout
TX000652,0,legitimate,NONE,n/a,holdout
TX000653,0,legitimate,NONE,n/a,train
TX000654,0,legitimate,NONE,n/a,train
TX000655,0,merchant_error,CONCEDE_AND_FLAG_INTERNALLY,n/a,train
TX000656,0,legitimate,NONE,n/a,train
TX000657,0,legitimate,NONE,n/a,train
TX000658,0,legitimate,NONE,n/a,train
TX000659,0,merchant_error,CONCEDE_AND_FLAG_INTERNALLY,n/a,train
TX000660,0,legitimate,NONE,n/a,holdout
TX000661,0,legitimate,NONE,n/a,holdout
TX000662,0,legitimate,NONE,n/a,holdout
TX000663,0,legitimate,NONE,n/a,train
TX000664,0,legitimate,NONE,n/a,train
TX000665,0,legitimate,NONE,n/a,train
TX000666,0,legitimate,NONE,n/a,train
TX000667,0,legitimate,NONE,n/a,train
TX000668,0,legitimate,NONE,n/a,train
TX000669,0,legitimate,NONE,n/a,train
TX000670,0,legitimate,NONE,n/a,holdout
TX000671,0,legitimate,NONE,n/a,holdout
TX000672,1,friendly_fraud,CONTEST_WITH_EVIDENCE,n/a,holdout
TX000673,0,legitimate,NONE,n/a,train
TX000674,0,legitimate,NONE,n/a,train
TX000675,0,legitimate,NONE,n/a,train
TX000676,0,legitimate,NONE,n/a,train
TX000677,0,merchant_error,CONCEDE_AND_FLAG_INTERNALLY,n/a,train
TX000678,0,legitimate,NONE,n/a,train
TX000679,0,legitimate,NONE,n/a,train
TX000680,0,legitimate,NONE,n/a,holdout
TX000681,1,friendly_fraud,CONTEST_WITH_EVIDENCE,n/a,holdout
TX000682,0,legitimate,NONE,n/a,holdout
TX000683,1,true_fraud,CONCEDE,obvious,train
TX000684,1,true_fraud,CONCEDE,obvious,train
TX000685,1,friendly_fraud,CONTEST_WITH_EVIDENCE,n/a,train
TX000686,0,legitimate,NONE,n/a,train
TX000687,0,merchant_error,CONCEDE_AND_FLAG_INTERNALLY,n/a,train
TX000688,0,legitimate,NONE,n/a,train
TX000689,0,legitimate,NONE,n/a,train
TX000690,0,legitimate,NONE,n/a,holdout
TX000691,0,legitimate,NONE,n/a,holdout
TX000692,0,legitimate,NONE,n/a,holdout
TX000693,0,legitimate,NONE,n/a,train
TX000694,0,legitimate,NONE,n/a,train
TX000695,0,legitimate,NONE,n/a,train
TX000696,0,legitimate,NONE,n/a,train
TX000697,0,legitimate,NONE,n/a,train
TX000698,0,legitimate,NONE,n/a,train
TX000699,0,legitimate,NONE,n/a,train
TX000700,0,legitimate,NONE,n/a,holdout
TX000701,0,legitimate,NONE,n/a,holdout
TX000702,0,legitimate,NONE,n/a,holdout
TX000703,1,true_fraud,CONCEDE,obvious,train
TX000704,0,legitimate,NONE,n/a,train
TX000705,0,legitimate,NONE,n/a,train
TX000706,0,legitimate,NONE,n/a,train
TX000707,0,legitimate,NONE,n/a,train
TX000708,0,legitimate,NONE,n/a,train
TX000709,0,legitimate,NONE,n/a,train
TX000710,0,legitimate,NONE,n/a,holdout
TX000711,0,legitimate,NONE,n/a,holdout
TX000712,0,legitimate,NONE,n/a,holdout
TX000713,0,legitimate,NONE,n/a,train
TX000714,0,legitimate,NONE,n/a,train
TX000715,1,friendly_fraud,CONTEST_WITH_EVIDENCE,n/a,train
TX000716,0,legitimate,NONE,n/a,train
TX000717,0,legitimate,NONE,n/a,train
TX000718,1,friendly_fraud,CONTEST_WITH_EVIDENCE,n/a,train
TX000719,0,legitimate,NONE,n/a,train
TX000720,0,merchant_error,CONCEDE_AND_FLAG_INTERNALLY,n/a,holdout
TX000721,0,legitimate,NONE,n/a,holdout
TX000722,0,legitimate,NONE,n/a,holdout
TX000723,0,legitimate,NONE,n/a,train
TX000724,0,legitimate,NONE,n/a,train
TX000725,0,legitimate,NONE,n/a,train
TX000726,0,legitimate,NONE,n/a,train
TX000727,0,legitimate,NONE,n/a,train
TX000728,0,legitimate,NONE,n/a,train
TX000729,1,true_fraud,CONCEDE,obvious,train
TX000730,0,legitimate,NONE,n/a,holdout
TX000731,0,legitimate,NONE,n/a,holdout
TX000732,0,legitimate,NONE,n/a,holdout
TX000733,0,legitimate,NONE,n/a,train
TX000734,1,true_fraud,CONCEDE,subtle_drain,train
TX000735,0,legitimate,NONE,n/a,train
TX000736,0,legitimate,NONE,n/a,train
TX000737,1,friendly_fraud,CONTEST_WITH_EVIDENCE,n/a,train
TX000738,0,legitimate,NONE,n/a,train
TX000739,0,legitimate,NONE,n/a,train
TX000740,0,legitimate,NONE,n/a,holdout
TX000741,0,legitimate,NONE,n/a,holdout
TX000742,0,legitimate,NONE,n/a,holdout
TX000743,0,legitimate,NONE,n/a,train
TX000744,0,legitimate,NONE,n/a,train
TX000745,0,legitimate,NONE,n/a,train
TX000746,0,legitimate,NONE,n/a,train
TX000747,0,legitimate,NONE,n/a,train
TX000748,0,legitimate,NONE,n/a,train
TX000749,0,legitimate,NONE,n/a,train
TX000750,0,legitimate,NONE,n/a,holdout
TX000751,0,legitimate,NONE,n/a,holdout
TX000752,1,true_fraud,CONCEDE,obvious,holdout
TX000753,1,true_fraud,CONCEDE,subtle_drain,train
TX000754,0,legitimate,NONE,n/a,train
TX000755,1,friendly_fraud,CONTEST_WITH_EVIDENCE,n/a,train
TX000756,0,legitimate,NONE,n/a,train
TX000757,0,legitimate,NONE,n/a,train
TX000758,0,legitimate,NONE,n/a,train
TX000759,1,true_fraud,CONCEDE,subtle_blend,train
TX000760,0,legitimate,NONE,n/a,holdout
TX000761,1,true_fraud,CONCEDE,obvious,holdout
TX000762,0,merchant_error,CONCEDE_AND_FLAG_INTERNALLY,n/a,holdout
TX000763,0,legitimate,NONE,n/a,train
TX000764,0,legitimate,NONE,n/a,train
TX000765,0,legitimate,NONE,n/a,train
TX000766,0,legitimate,NONE,n/a,train
TX000767,0,legitimate,NONE,n/a,train
TX000768,1,true_fraud,CONCEDE,obvious,train
TX000769,0,legitimate,NONE,n/a,train
TX000770,0,legitimate,NONE,n/a,holdout
TX000771,0,merchant_error,CONCEDE_AND_FLAG_INTERNALLY,n/a,holdout
TX000772,0,legitimate,NONE,n/a,holdout
TX000773,0,merchant_error,CONCEDE_AND_FLAG_INTERNALLY,n/a,train
TX000774,0,legitimate,NONE,n/a,train
TX000775,1,friendly_fraud,CONTEST_WITH_EVIDENCE,n/a,train
TX000776,0,legitimate,NONE,n/a,train
TX000777,0,legitimate,NONE,n/a,train
TX000778,0,legitimate,NONE,n/a,train
TX000779,0,legitimate,NONE,n/a,train
TX000780,0,legitimate,NONE,n/a,holdout
TX000781,0,merchant_error,CONCEDE_AND_FLAG_INTERNALLY,n/a,holdout
TX000782,0,legitimate,NONE,n/a,holdout
TX000783,0,legitimate,NONE,n/a,train
TX000784,0,legitimate,NONE,n/a,train
TX000785,1,true_fraud,CONCEDE,obvious,train
TX000786,0,merchant_error,CONCEDE_AND_FLAG_INTERNALLY,n/a,train
TX000787,1,true_fraud,CONCEDE,obvious,train
TX000788,0,legitimate,NONE,n/a,train
TX000789,1,friendly_fraud,CONTEST_WITH_EVIDENCE,n/a,train
TX000790,0,legitimate,NONE,n/a,holdout
TX000791,0,legitimate,NONE,n/a,holdout
TX000792,0,legitimate,NONE,n/a,holdout
TX000793,0,legitimate,NONE,n/a,train
TX000794,0,legitimate,NONE,n/a,train
TX000795,1,friendly_fraud,CONTEST_WITH_EVIDENCE,n/a,train
TX000796,0,legitimate,NONE,n/a,train
TX000797,0,legitimate,NONE,n/a,train
TX000798,0,legitimate,NONE,n/a,train
TX000799,0,legitimate,NONE,n/a,train
TX000800,0,legitimate,NONE,n/a,holdout
TX000801,1,friendly_fraud,CONTEST_WITH_EVIDENCE,n/a,holdout
TX000802,0,legitimate,NONE,n/a,holdout
TX000803,0,legitimate,NONE,n/a,train
TX000804,0,legitimate,NONE,n/a,train
TX000805,0,legitimate,NONE,n/a,train
TX000806,0,legitimate,NONE,n/a,train
TX000807,0,merchant_error,CONCEDE_AND_FLAG_INTERNALLY,n/a,train
TX000808,1,true_fraud,CONCEDE,obvious,train
TX000809,0,merchant_error,CONCEDE_AND_FLAG_INTERNALLY,n/a,train
TX000810,0,legitimate,NONE,n/a,holdout
TX000811,0,legitimate,NONE,n/a,holdout
TX000812,0,legitimate,NONE,n/a,holdout
TX000813,0,legitimate,NONE,n/a,train
TX000814,0,legitimate,NONE,n/a,train
TX000815,0,legitimate,NONE,n/a,train
TX000816,1,friendly_fraud,CONTEST_WITH_EVIDENCE,n/a,train
TX000817,0,legitimate,NONE,n/a,train
TX000818,0,legitimate,NONE,n/a,train
TX000819,0,legitimate,NONE,n/a,train
TX000820,0,legitimate,NONE,n/a,holdout
TX000821,0,legitimate,NONE,n/a,holdout
TX000822,0,legitimate,NONE,n/a,holdout
TX000823,1,true_fraud,CONCEDE,obvious,train
TX000824,0,legitimate,NONE,n/a,train
TX000825,0,legitimate,NONE,n/a,train
TX000826,0,legitimate,NONE,n/a,train
TX000827,0,legitimate,NONE,n/a,train
TX000828,0,legitimate,NONE,n/a,train
TX000829,0,legitimate,NONE,n/a,train
TX000830,0,legitimate,NONE,n/a,holdout
TX000831,0,legitimate,NONE,n/a,holdout
TX000832,0,legitimate,NONE,n/a,holdout
TX000833,1,true_fraud,CONCEDE,obvious,train
TX000834,1,friendly_fraud,CONTEST_WITH_EVIDENCE,n/a,train
TX000835,0,legitimate,NONE,n/a,train
TX000836,0,legitimate,NONE,n/a,train
TX000837,1,friendly_fraud,CONTEST_WITH_EVIDENCE,n/a,train
TX000838,0,legitimate,NONE,n/a,train
TX000839,0,legitimate,NONE,n/a,train
TX000840,0,legitimate,NONE,n/a,holdout
TX000841,0,legitimate,NONE,n/a,holdout
TX000842,0,legitimate,NONE,n/a,holdout
TX000843,0,legitimate,NONE,n/a,train
TX000844,0,legitimate,NONE,n/a,train
TX000845,0,legitimate,NONE,n/a,train
TX000846,0,legitimate,NONE,n/a,train
TX000847,0,legitimate,NONE,n/a,train
TX000848,0,legitimate,NONE,n/a,train
TX000849,0,legitimate,NONE,n/a,train
TX000850,0,legitimate,NONE,n/a,holdout
TX000851,0,legitimate,NONE,n/a,holdout
TX000852,0,legitimate,NONE,n/a,holdout
TX000853,0,legitimate,NONE,n/a,train
TX000854,0,legitimate,NONE,n/a,train
TX000855,1,true_fraud,CONCEDE,subtle_drain,train
TX000856,0,legitimate,NONE,n/a,train
TX000857,0,merchant_error,CONCEDE_AND_FLAG_INTERNALLY,n/a,train
TX000858,0,legitimate,NONE,n/a,train
TX000859,0,legitimate,NONE,n/a,train
TX000860,0,legitimate,NONE,n/a,holdout
TX000861,1,true_fraud,CONCEDE,obvious,holdout
TX000862,0,legitimate,NONE,n/a,holdout
TX000863,0,legitimate,NONE,n/a,train
TX000864,0,legitimate,NONE,n/a,train
TX000865,0,legitimate,NONE,n/a,train
TX000866,0,legitimate,NONE,n/a,train
TX000867,1,friendly_fraud,CONTEST_WITH_EVIDENCE,n/a,train
TX000868,0,legitimate,NONE,n/a,train
TX000869,0,merchant_error,CONCEDE_AND_FLAG_INTERNALLY,n/a,train
TX000870,1,true_fraud,CONCEDE,obvious,holdout
TX000871,0,legitimate,NONE,n/a,holdout
TX000872,0,legitimate,NONE,n/a,holdout
TX000873,0,legitimate,NONE,n/a,train
TX000874,0,legitimate,NONE,n/a,train
TX000875,0,legitimate,NONE,n/a,train
TX000876,0,legitimate,NONE,n/a,train
TX000877,1,friendly_fraud,CONTEST_WITH_EVIDENCE,n/a,train
TX000878,0,legitimate,NONE,n/a,train
TX000879,0,merchant_error,CONCEDE_AND_FLAG_INTERNALLY,n/a,train
TX000880,0,legitimate,NONE,n/a,holdout
TX000881,0,legitimate,NONE,n/a,holdout
TX000882,0,legitimate,NONE,n/a,holdout
TX000883,0,legitimate,NONE,n/a,train
TX000884,0,legitimate,NONE,n/a,train
TX000885,0,legitimate,NONE,n/a,train
TX000886,0,legitimate,NONE,n/a,train
TX000887,0,legitimate,NONE,n/a,train
TX000888,0,legitimate,NONE,n/a,train
TX000889,0,legitimate,NONE,n/a,train
TX000890,0,legitimate,NONE,n/a,holdout
TX000891,1,friendly_fraud,CONTEST_WITH_EVIDENCE,n/a,holdout
TX000892,0,legitimate,NONE,n/a,holdout
TX000893,0,legitimate,NONE,n/a,train
TX000894,0,legitimate,NONE,n/a,train
TX000895,0,legitimate,NONE,n/a,train
TX000896,0,legitimate,NONE,n/a,train
TX000897,0,legitimate,NONE,n/a,train
TX000898,0,legitimate,NONE,n/a,train
TX000899,0,legitimate,NONE,n/a,train
TX000900,0,legitimate,NONE,n/a,holdout
TX000901,1,true_fraud,CONCEDE,obvious,holdout
TX000902,1,true_fraud,CONCEDE,obvious,train
TX000903,1,true_fraud,CONCEDE,obvious,train
TX000904,1,true_fraud,CONCEDE,obvious,holdout
TX000905,1,true_fraud,CONCEDE,obvious,train
TX000906,1,true_fraud,CONCEDE,obvious,train
TX000907,1,true_fraud,CONCEDE,obvious,holdout
TX000908,1,true_fraud,CONCEDE,obvious,train
TX000909,1,true_fraud,CONCEDE,obvious,train
